Record Length,2500,Points,0.0,-312.00000644E-3,
Sample Interval,4.00000019E-3,s,4.00000019E-3,-312.00000644E-3,
Trigger Point,0.0,Samples,8.000000380E-3,-312.00000644E-3,
,,,12.0000001E-3,-312.00000644E-3,
,,,16.0000008E-3,-312.00000644E-3,
,,,20.0000014E-3,-312.00000644E-3,
Source,CH1,,24.00000021E-3,-312.00000644E-3,
Vertical Units,Volts,,28.00000086E-3,-312.00000644E-3,
Vertical Scale,100.0000047E-3,,32.00000152E-3,-312.00000644E-3,
Vertical Offset,0,,36.00000218E-3,-312.00000644E-3,
Horizontal Units,s,,40.00000283E-3,-312.00000644E-3,
Horizontal Scale,1.0000000,,44.00000349E-3,-312.00000644E-3,
Pt Fmt,Y,,48.00000042E-3,-312.00000644E-3,
Yzero,-2.0000000,,52.00000107E-3,-312.00000644E-3,
Probe Atten,10.0000000,,56.000001729E-3,-312.00000644E-3,
,,,60.000002384E-3,-312.00000644E-3,
Note,TBS 1052B-EDU - 9:58:35 AM   6/15/2021,,64.000003040E-3,-312.00000644E-3,
,,,68.000003695E-3,-312.00000644E-3,
,,,72.000004351E-3,-312.00000644E-3,
,,,76.000005007E-3,-312.00000644E-3,
,,,80.000005662E-3,-312.00000644E-3,
,,,84.000006318E-3,-312.00000644E-3,
,,,88.000006974E-3,-312.00000644E-3,
,,,92.000007629E-3,-312.00000644E-3,
,,,96.000000834E-3,-312.00000644E-3,
,,,100.0000015E-3,-312.00000644E-3,
,,,104.0000021E-3,-312.00000644E-3,
,,,108.0000028E-3,-312.00000644E-3,
,,,112.0000035E-3,-312.00000644E-3,
,,,116.0000041E-3,-312.00000644E-3,
,,,120.0000048E-3,-312.00000644E-3,
,,,124.0000054E-3,-312.00000644E-3,
,,,128.0000061E-3,-312.00000644E-3,
,,,131.9999993E-3,-312.00000644E-3,
,,,136.0000074E-3,-312.00000644E-3,
,,,140.0000006E-3,-312.00000644E-3,
,,,144.0000087E-3,-312.00000644E-3,
,,,148.0000019E-3,-312.00000644E-3,
,,,152.00001001E-3,-312.00000644E-3,
,,,156.00000322E-3,-312.00000644E-3,
,,,160.00001132E-3,-312.00000644E-3,
,,,164.00000453E-3,-312.00000644E-3,
,,,168.00001264E-3,-312.00000644E-3,
,,,172.00000584E-3,-312.00000644E-3,
,,,176.00001395E-3,-312.00000644E-3,
,,,180.00000715E-3,-312.00000644E-3,
,,,184.00001526E-3,-312.00000644E-3,
,,,188.00000846E-3,-312.00000644E-3,
,,,192.00000167E-3,-312.00000644E-3,
,,,196.00000978E-3,-312.00000644E-3,
,,,200.00000298E-3,-312.00000644E-3,
,,,204.00001109E-3,-312.00000644E-3,
,,,208.00000429E-3,-312.00000644E-3,
,,,212.00001240E-3,-312.00000644E-3,
,,,216.00000560E-3,-312.00000644E-3,
,,,220.00001371E-3,-312.00000644E-3,
,,,224.00000691E-3,-312.00000644E-3,
,,,228.00001502E-3,-312.00000644E-3,
,,,232.00000823E-3,-312.00000644E-3,
,,,236.00001633E-3,-312.00000644E-3,
,,,240.00000954E-3,-312.00000644E-3,
,,,244.00001764E-3,-312.00000644E-3,
,,,248.00001085E-3,-312.00000644E-3,
,,,252.00000405E-3,-312.00000644E-3,
,,,256.00001216E-3,-312.00000644E-3,
,,,260.00002027E-3,-312.00000644E-3,
,,,263.99999857E-3,-312.00000644E-3,
,,,268.00000668E-3,-312.00000644E-3,
,,,272.00001478E-3,-312.00000644E-3,
,,,276.00002289E-3,-312.00000644E-3,
,,,280.00000119E-3,-312.00000644E-3,
,,,284.00000930E-3,-312.00000644E-3,
,,,288.00001740E-3,-312.00000644E-3,
,,,292.00002551E-3,-312.00000644E-3,
,,,296.00000381E-3,-312.00000644E-3,
,,,300.00001192E-3,-312.00000644E-3,
,,,304.00002003E-3,-312.00000644E-3,
,,,308.00002813E-3,-312.00000644E-3,
,,,312.00000644E-3,-312.00000644E-3,
,,,316.00001454E-3,-312.00000644E-3,
,,,320.00002265E-3,-312.00000644E-3,
,,,324.00000095E-3,-312.00000644E-3,
,,,328.00000906E-3,-312.00000644E-3,
,,,332.00001717E-3,-312.00000644E-3,
,,,336.00002527E-3,-312.00000644E-3,
,,,340.00000358E-3,-312.00000644E-3,
,,,344.00001168E-3,-312.00000644E-3,
,,,348.00001979E-3,-312.00000644E-3,
,,,352.00002789E-3,-312.00000644E-3,
,,,356.00000620E-3,-312.00000644E-3,
,,,360.00001431E-3,-312.00000644E-3,
,,,364.00002241E-3,-312.00000644E-3,
,,,368.00003052E-3,-312.00000644E-3,
,,,372.00000882E-3,-312.00000644E-3,
,,,376.00001693E-3,-312.00000644E-3,
,,,380.00002503E-3,-312.00000644E-3,
,,,384.00000334E-3,-312.00000644E-3,
,,,388.00001144E-3,-312.00000644E-3,
,,,392.00001955E-3,-312.00000644E-3,
,,,396.00002766E-3,-312.00000644E-3,
,,,400.00000596E-3,-312.00000644E-3,
,,,404.000014067E-3,-312.00000644E-3,
,,,408.000022173E-3,-312.00000644E-3,
,,,412.000030279E-3,-312.00000644E-3,
,,,416.000008583E-3,-312.00000644E-3,
,,,420.000016689E-3,-312.00000644E-3,
,,,424.000024796E-3,-312.00000644E-3,
,,,428.000032902E-3,-312.00000644E-3,
,,,432.000011206E-3,-312.00000644E-3,
,,,436.000019312E-3,-312.00000644E-3,
,,,440.000027418E-3,-312.00000644E-3,
,,,444.000035524E-3,-312.00000644E-3,
,,,448.000013828E-3,-312.00000644E-3,
,,,452.000021935E-3,-312.00000644E-3,
,,,456.000030041E-3,52.00000107E-3,
,,,460.000008345E-3,124.0000054E-3,
,,,464.000016451E-3,80.000005662E-3,
,,,468.000024557E-3,168.00001264E-3,
,,,472.000032663E-3,160.00001132E-3,
,,,476.000010967E-3,180.00000715E-3,
,,,480.000019073E-3,124.0000054E-3,
,,,484.000027180E-3,200.00000298E-3,
,,,488.000035286E-3,131.9999993E-3,
,,,492.000013590E-3,148.0000019E-3,
,,,496.000021696E-3,104.0000021E-3,
,,,500.000000000E-3,88.000006974E-3,
,,,504.000008106E-3,80.000005662E-3,
,,,508.000016212E-3,64.000003040E-3,
,,,512.000024319E-3,8.000000380E-3,
,,,516.000032425E-3,60.000002384E-3,
,,,520.000040531E-3,16.0000008E-3,
,,,524.000048637E-3,-28.00000086E-3,
,,,527.999997139E-3,0.0,
,,,532.000005245E-3,-20.0000014E-3,
,,,536.000013351E-3,-44.00000349E-3,
,,,540.000021458E-3,-24.00000021E-3,
,,,544.000029564E-3,-48.00000042E-3,
,,,548.000037670E-3,-44.00000349E-3,
,,,552.000045776E-3,-12.0000001E-3,
,,,556.000053883E-3,-48.00000042E-3,
,,,560.000002384E-3,-56.000001729E-3,
,,,564.000010490E-3,-24.00000021E-3,
,,,568.000018597E-3,-32.00000152E-3,
,,,572.000026703E-3,-16.0000008E-3,
,,,576.000034809E-3,-52.00000107E-3,
,,,580.000042915E-3,-56.000001729E-3,
,,,584.000051022E-3,-8.000000380E-3,
,,,587.999999523E-3,-44.00000349E-3,
,,,592.000007629E-3,-8.000000380E-3,
,,,596.000015736E-3,-12.0000001E-3,
,,,600.000023842E-3,40.00000283E-3,
,,,604.000031948E-3,36.00000218E-3,
,,,608.000040054E-3,32.00000152E-3,
,,,612.000048161E-3,64.000003040E-3,
,,,616.000056267E-3,128.0000061E-3,
,,,620.000004768E-3,72.000004351E-3,
,,,624.000012875E-3,96.000000834E-3,
,,,628.000020981E-3,108.0000028E-3,
,,,632.000029087E-3,92.000007629E-3,
,,,636.000037193E-3,84.000006318E-3,
,,,640.000045300E-3,80.000005662E-3,
,,,644.000053406E-3,84.000006318E-3,
,,,648.000001907E-3,72.000004351E-3,
,,,652.000010014E-3,84.000006318E-3,
,,,656.000018120E-3,60.000002384E-3,
,,,660.000026226E-3,72.000004351E-3,
,,,664.000034332E-3,44.00000349E-3,
,,,668.000042439E-3,16.0000008E-3,
,,,672.000050545E-3,68.000003695E-3,
,,,676.000058651E-3,12.0000001E-3,
,,,680.000007153E-3,24.00000021E-3,
,,,684.000015259E-3,20.0000014E-3,
,,,688.000023365E-3,-28.00000086E-3,
,,,692.000031471E-3,-36.00000218E-3,
,,,696.000039577E-3,32.00000152E-3,
,,,700.000047684E-3,-40.00000283E-3,
,,,704.000055790E-3,0.0,
,,,708.000004292E-3,-40.00000283E-3,
,,,712.000012398E-3,16.0000008E-3,
,,,716.000020504E-3,8.000000380E-3,
,,,720.000028610E-3,-8.000000380E-3,
,,,724.000036716E-3,-40.00000283E-3,
,,,728.000044823E-3,40.00000283E-3,
,,,732.000052929E-3,-20.0000014E-3,
,,,736.000061035E-3,36.00000218E-3,
,,,740.000009537E-3,-16.0000008E-3,
,,,744.000017643E-3,24.00000021E-3,
,,,748.000025749E-3,20.0000014E-3,
,,,752.000033855E-3,40.00000283E-3,
,,,756.000041962E-3,12.0000001E-3,
,,,760.000050068E-3,52.00000107E-3,
,,,764.000058174E-3,44.00000349E-3,
,,,768.000006676E-3,36.00000218E-3,
,,,772.000014782E-3,52.00000107E-3,
,,,776.000022888E-3,52.00000107E-3,
,,,780.000030994E-3,48.00000042E-3,
,,,784.000039101E-3,80.000005662E-3,
,,,788.000047207E-3,40.00000283E-3,
,,,792.000055313E-3,68.000003695E-3,
,,,796.000063419E-3,80.000005662E-3,
,,,800.000011921E-3,52.00000107E-3,
,,,804.000020027E-3,56.000001729E-3,
,,,808.000028133E-3,64.000003040E-3,
,,,812.000036240E-3,80.000005662E-3,
,,,816.000044346E-3,64.000003040E-3,
,,,820.000052452E-3,40.00000283E-3,
,,,824.000060558E-3,0.0,
,,,828.000068665E-3,36.00000218E-3,
,,,832.000017166E-3,-16.0000008E-3,
,,,836.000025272E-3,24.00000021E-3,
,,,840.000033379E-3,4.00000019E-3,
,,,844.000041485E-3,8.000000380E-3,
,,,848.000049591E-3,-32.00000152E-3,
,,,852.000057697E-3,24.00000021E-3,
,,,856.000065804E-3,-48.00000042E-3,
,,,860.000014305E-3,16.0000008E-3,
,,,864.000022411E-3,-40.00000283E-3,
,,,868.000030518E-3,-24.00000021E-3,
,,,872.000038624E-3,-28.00000086E-3,
,,,876.000046730E-3,-40.00000283E-3,
,,,880.000054836E-3,-28.00000086E-3,
,,,884.000062943E-3,20.0000014E-3,
,,,888.000071049E-3,-44.00000349E-3,
,,,892.000019550E-3,16.0000008E-3,
,,,896.000027657E-3,32.00000152E-3,
,,,900.000035763E-3,28.00000086E-3,
,,,904.000043869E-3,56.000001729E-3,
,,,908.000051975E-3,68.000003695E-3,
,,,912.000060081E-3,64.000003040E-3,
,,,916.000068188E-3,104.0000021E-3,
,,,920.000016689E-3,64.000003040E-3,
,,,924.000024796E-3,92.000007629E-3,
,,,928.000032902E-3,84.000006318E-3,
,,,932.000041008E-3,44.00000349E-3,
,,,936.000049114E-3,92.000007629E-3,
,,,940.000057220E-3,76.000005007E-3,
,,,944.000065327E-3,32.00000152E-3,
,,,948.000073433E-3,60.000002384E-3,
,,,952.000021935E-3,48.00000042E-3,
,,,956.000030041E-3,52.00000107E-3,
,,,960.000038147E-3,80.000005662E-3,
,,,964.000046253E-3,56.000001729E-3,
,,,968.000054359E-3,40.00000283E-3,
,,,972.000062466E-3,92.000007629E-3,
,,,976.000070572E-3,56.000001729E-3,
,,,980.000019073E-3,68.000003695E-3,
,,,984.000027180E-3,56.000001729E-3,
,,,988.000035286E-3,24.00000021E-3,
,,,992.000043392E-3,72.000004351E-3,
,,,996.000051498E-3,60.000002384E-3,
,,,1.000000,8.000000380E-3,
,,,1.0040001,40.00000283E-3,
,,,1.0080000,-16.0000008E-3,
,,,1.0120001,-12.0000001E-3,
,,,1.0160000,24.00000021E-3,
,,,1.0200001,-24.00000021E-3,
,,,1.0240000,-28.00000086E-3,
,,,1.0280000,4.00000019E-3,
,,,1.0320001,-40.00000283E-3,
,,,1.0360000,12.0000001E-3,
,,,1.0400001,-12.0000001E-3,
,,,1.0440000,-12.0000001E-3,
,,,1.0480001,8.000000380E-3,
,,,1.0520000,16.0000008E-3,
,,,1.0560000,20.0000014E-3,
,,,1.0600001,52.00000107E-3,
,,,1.0640000,28.00000086E-3,
,,,1.0680001,40.00000283E-3,
,,,1.0720000,56.000001729E-3,
,,,1.0760001,40.00000283E-3,
,,,1.0800000,80.000005662E-3,
,,,1.0840001,64.000003040E-3,
,,,1.0880001,64.000003040E-3,
,,,1.0920000,60.000002384E-3,
,,,1.0960001,76.000005007E-3,
,,,1.1000000,52.00000107E-3,
,,,1.1040001,64.000003040E-3,
,,,1.1080000,28.00000086E-3,
,,,1.1120001,40.00000283E-3,
,,,1.1160001,52.00000107E-3,
,,,1.1200000,52.00000107E-3,
,,,1.1240001,16.0000008E-3,
,,,1.1280000,88.000006974E-3,
,,,1.1320001,24.00000021E-3,
,,,1.1360000,84.000006318E-3,
,,,1.1400001,40.00000283E-3,
,,,1.1440001,60.000002384E-3,
,,,1.1480000,68.000003695E-3,
,,,1.1520001,60.000002384E-3,
,,,1.1560000,20.0000014E-3,
,,,1.1600001,92.000007629E-3,
,,,1.1640000,12.0000001E-3,
,,,1.1680001,56.000001729E-3,
,,,1.1720001,20.0000014E-3,
,,,1.1760000,0.0,
,,,1.1800001,16.0000008E-3,
,,,1.1840000,0.0,
,,,1.1880001,-60.000002384E-3,
,,,1.1920000,-4.00000019E-3,
,,,1.1960001,-36.00000218E-3,
,,,1.2000000,-12.0000001E-3,
,,,1.2040001,-8.000000380E-3,
,,,1.2080001,-4.00000019E-3,
,,,1.2120000,16.0000008E-3,
,,,1.2160001,64.000003040E-3,
,,,1.2200000,40.00000283E-3,
,,,1.2240001,60.000002384E-3,
,,,1.2280000,76.000005007E-3,
,,,1.2320001,80.000005662E-3,
,,,1.2360001,112.0000035E-3,
,,,1.2400000,60.000002384E-3,
,,,1.2440001,80.000005662E-3,
,,,1.2480000,84.000006318E-3,
,,,1.2520001,72.000004351E-3,
,,,1.2560000,72.000004351E-3,
,,,1.2600001,84.000006318E-3,
,,,1.2640001,32.00000152E-3,
,,,1.2680000,40.00000283E-3,
,,,1.2720001,56.000001729E-3,
,,,1.2760000,16.0000008E-3,
,,,1.2800001,32.00000152E-3,
,,,1.2840000,40.00000283E-3,
,,,1.2880001,-16.0000008E-3,
,,,1.2920001,36.00000218E-3,
,,,1.2960000,28.00000086E-3,
,,,1.3000001,12.0000001E-3,
,,,1.3040000,36.00000218E-3,
,,,1.3080001,24.00000021E-3,
,,,1.3120000,32.00000152E-3,
,,,1.3160001,28.00000086E-3,
,,,1.3200001,-24.00000021E-3,
,,,1.3240001,8.000000380E-3,
,,,1.3280001,40.00000283E-3,
,,,1.3320000,-16.0000008E-3,
,,,1.3360001,4.00000019E-3,
,,,1.3400000,-16.0000008E-3,
,,,1.3440001,-16.0000008E-3,
,,,1.3480000,0.0,
,,,1.3520001,-4.00000019E-3,
,,,1.3560001,-4.00000019E-3,
,,,1.3600000,36.00000218E-3,
,,,1.3640001,12.0000001E-3,
,,,1.3680000,44.00000349E-3,
,,,1.3720001,64.000003040E-3,
,,,1.3760000,48.00000042E-3,
,,,1.3800001,72.000004351E-3,
,,,1.3840001,80.000005662E-3,
,,,1.3880000,48.00000042E-3,
,,,1.3920001,116.0000041E-3,
,,,1.3960000,96.000000834E-3,
,,,1.4000001,92.000007629E-3,
,,,1.4040000,120.0000048E-3,
,,,1.4080001,76.000005007E-3,
,,,1.4120001,72.000004351E-3,
,,,1.4160000,80.000005662E-3,
,,,1.4200001,48.00000042E-3,
,,,1.4240000,48.00000042E-3,
,,,1.4280001,52.00000107E-3,
,,,1.4320000,-16.0000008E-3,
,,,1.4360001,40.00000283E-3,
,,,1.4400001,-36.00000218E-3,
,,,1.4440001,-28.00000086E-3,
,,,1.4480001,0.0,
,,,1.4520000,-32.00000152E-3,
,,,1.4560001,-20.0000014E-3,
,,,1.4600000,0.0,
,,,1.4640001,-40.00000283E-3,
,,,1.4680001,12.0000001E-3,
,,,1.4720001,-12.0000001E-3,
,,,1.4760001,-12.0000001E-3,
,,,1.4800000,20.0000014E-3,
,,,1.4840001,0.0,
,,,1.4880000,-20.0000014E-3,
,,,1.4920001,40.00000283E-3,
,,,1.4960001,-4.00000019E-3,
,,,1.5000001,8.000000380E-3,
,,,1.5040001,52.00000107E-3,
,,,1.5080000,32.00000152E-3,
,,,1.5120001,68.000003695E-3,
,,,1.5160000,60.000002384E-3,
,,,1.5200001,60.000002384E-3,
,,,1.5240000,92.000007629E-3,
,,,1.5280001,116.0000041E-3,
,,,1.5320001,68.000003695E-3,
,,,1.5360000,120.0000048E-3,
,,,1.5400001,64.000003040E-3,
,,,1.5440000,120.0000048E-3,
,,,1.5480001,131.9999993E-3,
,,,1.5520000,100.0000015E-3,
,,,1.5560001,80.000005662E-3,
,,,1.5600001,112.0000035E-3,
,,,1.5640001,72.000004351E-3,
,,,1.5680001,92.000007629E-3,
,,,1.5720000,64.000003040E-3,
,,,1.5760001,72.000004351E-3,
,,,1.5800000,68.000003695E-3,
,,,1.5840001,24.00000021E-3,
,,,1.5880001,-12.0000001E-3,
,,,1.5920001,28.00000086E-3,
,,,1.5960001,-28.00000086E-3,
,,,1.6000000,-32.00000152E-3,
,,,1.6040001,-28.00000086E-3,
,,,1.6080000,-60.000002384E-3,
,,,1.6120001,-84.000006318E-3,
,,,1.6160001,-60.000002384E-3,
,,,1.6200001,-84.000006318E-3,
,,,1.6240001,-40.00000283E-3,
,,,1.6280000,-36.00000218E-3,
,,,1.6320001,-60.000002384E-3,
,,,1.6360000,24.00000021E-3,
,,,1.6400001,-24.00000021E-3,
,,,1.6440001,0.0,
,,,1.6480001,64.000003040E-3,
,,,1.6520001,28.00000086E-3,
,,,1.6560001,64.000003040E-3,
,,,1.6600001,92.000007629E-3,
,,,1.6640000,52.00000107E-3,
,,,1.6680001,120.0000048E-3,
,,,1.6720001,112.0000035E-3,
,,,1.6760001,112.0000035E-3,
,,,1.6800001,136.0000074E-3,
,,,1.6840001,152.00001001E-3,
,,,1.6880001,144.0000087E-3,
,,,1.6920000,144.0000087E-3,
,,,1.6960001,144.0000087E-3,
,,,1.7000000,156.00000322E-3,
,,,1.7040001,164.00000453E-3,
,,,1.7080001,131.9999993E-3,
,,,1.7120001,131.9999993E-3,
,,,1.7160001,104.0000021E-3,
,,,1.7200000,84.000006318E-3,
,,,1.7240001,92.000007629E-3,
,,,1.7280000,80.000005662E-3,
,,,1.7320001,48.00000042E-3,
,,,1.7360001,64.000003040E-3,
,,,1.7400001,-4.00000019E-3,
,,,1.7440001,4.00000019E-3,
,,,1.7480000,16.0000008E-3,
,,,1.7520001,-44.00000349E-3,
,,,1.7560000,-56.000001729E-3,
,,,1.7600001,-44.00000349E-3,
,,,1.7640001,-100.0000015E-3,
,,,1.7680001,-60.000002384E-3,
,,,1.7720001,-104.0000021E-3,
,,,1.7760001,-120.0000048E-3,
,,,1.7800001,-88.000006974E-3,
,,,1.7840000,-104.0000021E-3,
,,,1.7880001,-108.0000028E-3,
,,,1.7920001,-56.000001729E-3,
,,,1.7960001,-84.000006318E-3,
,,,1.8000001,-24.00000021E-3,
,,,1.8040001,4.00000019E-3,
,,,1.8080001,8.000000380E-3,
,,,1.8120000,60.000002384E-3,
,,,1.8160001,80.000005662E-3,
,,,1.8200001,100.0000015E-3,
,,,1.8240001,144.0000087E-3,
,,,1.8280001,184.00001526E-3,
,,,1.8320001,156.00000322E-3,
,,,1.8360001,224.00000691E-3,
,,,1.8400000,224.00000691E-3,
,,,1.8440001,220.00001371E-3,
,,,1.8480000,216.00000560E-3,
,,,1.8520001,200.00000298E-3,
,,,1.8560001,192.00000167E-3,
,,,1.8600001,236.00001633E-3,
,,,1.8640001,148.0000019E-3,
,,,1.8680000,184.00001526E-3,
,,,1.8720001,160.00001132E-3,
,,,1.8760000,112.0000035E-3,
,,,1.8800001,92.000007629E-3,
,,,1.8840001,56.000001729E-3,
,,,1.8880001,40.00000283E-3,
,,,1.8920001,40.00000283E-3,
,,,1.8960001,-12.0000001E-3,
,,,1.9000001,-4.00000019E-3,
,,,1.9040000,-36.00000218E-3,
,,,1.9080001,-48.00000042E-3,
,,,1.9120001,-80.000005662E-3,
,,,1.9160001,-96.000000834E-3,
,,,1.9200001,-136.0000074E-3,
,,,1.9240001,-96.000000834E-3,
,,,1.9280001,-124.0000054E-3,
,,,1.9320000,-148.0000019E-3,
,,,1.9360001,-120.0000048E-3,
,,,1.9400001,-160.00001132E-3,
,,,1.9440001,-104.0000021E-3,
,,,1.9480001,-128.0000061E-3,
,,,1.9520001,-108.0000028E-3,
,,,1.9560001,-64.000003040E-3,
,,,1.9600000,-16.0000008E-3,
,,,1.9640001,-8.000000380E-3,
,,,1.9680001,36.00000218E-3,
,,,1.9720001,76.000005007E-3,
,,,1.9760001,120.0000048E-3,
,,,1.9800001,168.00001264E-3,
,,,1.9840001,200.00000298E-3,
,,,1.9880000,204.00001109E-3,
,,,1.9920001,240.00000954E-3,
,,,1.9960001,216.00000560E-3,
,,,2.0000000,268.00000668E-3,
,,,2.0040002,260.00002027E-3,
,,,2.0080001,248.00001085E-3,
,,,2.0120001,260.00002027E-3,
,,,2.0160000,220.00001371E-3,
,,,2.0200000,208.00000429E-3,
,,,2.0240002,200.00000298E-3,
,,,2.0280001,172.00000584E-3,
,,,2.0320001,96.000000834E-3,
,,,2.0360000,104.0000021E-3,
,,,2.0400002,28.00000086E-3,
,,,2.0440001,68.000003695E-3,
,,,2.0480001,4.00000019E-3,
,,,2.0520000,-8.000000380E-3,
,,,2.0560000,-40.00000283E-3,
,,,2.0600002,-48.00000042E-3,
,,,2.0640001,-88.000006974E-3,
,,,2.0680001,-56.000001729E-3,
,,,2.0720000,-92.000007629E-3,
,,,2.0760002,-88.000006974E-3,
,,,2.0800002,-92.000007629E-3,
,,,2.0840001,-128.0000061E-3,
,,,2.0880001,-120.0000048E-3,
,,,2.0920000,-131.9999993E-3,
,,,2.0960002,-136.0000074E-3,
,,,2.1000001,-108.0000028E-3,
,,,2.1040001,-136.0000074E-3,
,,,2.1080000,-112.0000035E-3,
,,,2.1120000,-68.000003695E-3,
,,,2.1160002,-52.00000107E-3,
,,,2.1200001,-32.00000152E-3,
,,,2.1240001,0.0,
,,,2.1280000,32.00000152E-3,
,,,2.1320002,64.000003040E-3,
,,,2.1360002,131.9999993E-3,
,,,2.1400001,131.9999993E-3,
,,,2.1440001,196.00000978E-3,
,,,2.1480000,188.00000846E-3,
,,,2.1520002,236.00001633E-3,
,,,2.1560001,232.00000823E-3,
,,,2.1600001,263.99999857E-3,
,,,2.1640000,236.00001633E-3,
,,,2.1680002,296.00000381E-3,
,,,2.1720002,236.00001633E-3,
,,,2.1760001,252.00000405E-3,
,,,2.1800001,220.00001371E-3,
,,,2.1840000,184.00001526E-3,
,,,2.1880002,160.00001132E-3,
,,,2.1920002,164.00000453E-3,
,,,2.1960001,100.0000015E-3,
,,,2.2000000,64.000003040E-3,
,,,2.2040000,20.0000014E-3,
,,,2.2080002,-20.0000014E-3,
,,,2.2120001,0.0,
,,,2.2160001,-60.000002384E-3,
,,,2.2200000,-76.000005007E-3,
,,,2.2240002,-92.000007629E-3,
,,,2.2280002,-136.0000074E-3,
,,,2.2320001,-148.0000019E-3,
,,,2.2360001,-120.0000048E-3,
,,,2.2400000,-196.00000978E-3,
,,,2.2440002,-128.0000061E-3,
,,,2.2480001,-152.00001001E-3,
,,,2.2520001,-144.0000087E-3,
,,,2.2560000,-131.9999993E-3,
,,,2.2600000,-120.0000048E-3,
,,,2.2640002,-116.0000041E-3,
,,,2.2680001,-44.00000349E-3,
,,,2.2720001,-76.000005007E-3,
,,,2.2760000,4.00000019E-3,
,,,2.2800002,0.0,
,,,2.2840002,28.00000086E-3,
,,,2.2880001,40.00000283E-3,
,,,2.2920001,104.0000021E-3,
,,,2.2960000,104.0000021E-3,
,,,2.3000002,152.00001001E-3,
,,,2.3040001,172.00000584E-3,
,,,2.3080001,192.00000167E-3,
,,,2.3120000,236.00001633E-3,
,,,2.3160002,224.00000691E-3,
,,,2.3200002,240.00000954E-3,
,,,2.3240001,256.00001216E-3,
,,,2.3280001,224.00000691E-3,
,,,2.3320000,228.00001502E-3,
,,,2.3360002,236.00001633E-3,
,,,2.3400002,184.00001526E-3,
,,,2.3440001,204.00001109E-3,
,,,2.3480000,131.9999993E-3,
,,,2.3520000,116.0000041E-3,
,,,2.3560002,68.000003695E-3,
,,,2.3600001,60.000002384E-3,
,,,2.3640001,20.0000014E-3,
,,,2.3680000,12.0000001E-3,
,,,2.3720002,-52.00000107E-3,
,,,2.3760002,-72.000004351E-3,
,,,2.3800001,-72.000004351E-3,
,,,2.3840001,-116.0000041E-3,
,,,2.3880000,-96.000000834E-3,
,,,2.3920002,-112.0000035E-3,
,,,2.3960001,-168.00001264E-3,
,,,2.4000001,-124.0000054E-3,
,,,2.4040000,-108.0000028E-3,
,,,2.4080002,-140.0000006E-3,
,,,2.4120002,-92.000007629E-3,
,,,2.4160001,-104.0000021E-3,
,,,2.4200001,-68.000003695E-3,
,,,2.4240000,-72.000004351E-3,
,,,2.4280002,-80.000005662E-3,
,,,2.4320002,-20.0000014E-3,
,,,2.4360001,24.00000021E-3,
,,,2.4400001,8.000000380E-3,
,,,2.4440000,72.000004351E-3,
,,,2.4480002,56.000001729E-3,
,,,2.4520001,104.0000021E-3,
,,,2.4560001,104.0000021E-3,
,,,2.4600000,148.0000019E-3,
,,,2.4640002,152.00001001E-3,
,,,2.4680002,208.00000429E-3,
,,,2.4720001,156.00000322E-3,
,,,2.4760001,200.00000298E-3,
,,,2.4800000,216.00000560E-3,
,,,2.4840002,212.00001240E-3,
,,,2.4880002,236.00001633E-3,
,,,2.4920001,228.00001502E-3,
,,,2.4960001,180.00000715E-3,
,,,2.5000000,200.00000298E-3,
,,,2.5040002,144.0000087E-3,
,,,2.5080001,100.0000015E-3,
,,,2.5120001,112.0000035E-3,
,,,2.5160000,64.000003040E-3,
,,,2.5200002,44.00000349E-3,
,,,2.5240002,-4.00000019E-3,
,,,2.5280001,-20.0000014E-3,
,,,2.5320001,-72.000004351E-3,
,,,2.5360000,-76.000005007E-3,
,,,2.5400002,-128.0000061E-3,
,,,2.5440001,-100.0000015E-3,
,,,2.5480001,-144.0000087E-3,
,,,2.5520000,-136.0000074E-3,
,,,2.5560002,-148.0000019E-3,
,,,2.5600002,-152.00001001E-3,
,,,2.5640001,-120.0000048E-3,
,,,2.5680001,-104.0000021E-3,
,,,2.5720000,-96.000000834E-3,
,,,2.5760002,-48.00000042E-3,
,,,2.5800002,-40.00000283E-3,
,,,2.5840001,-12.0000001E-3,
,,,2.5880001,24.00000021E-3,
,,,2.5920000,56.000001729E-3,
,,,2.5960002,56.000001729E-3,
,,,2.6000001,120.0000048E-3,
,,,2.6040001,92.000007629E-3,
,,,2.6080000,131.9999993E-3,
,,,2.6120002,140.0000006E-3,
,,,2.6160002,148.0000019E-3,
,,,2.6200001,160.00001132E-3,
,,,2.6240001,192.00000167E-3,
,,,2.6280000,156.00000322E-3,
,,,2.6320002,176.00001395E-3,
,,,2.6360002,144.0000087E-3,
,,,2.6400001,124.0000054E-3,
,,,2.6440001,168.00001264E-3,
,,,2.6480002,144.0000087E-3,
,,,2.6520002,152.00001001E-3,
,,,2.6560001,152.00001001E-3,
,,,2.6600001,100.0000015E-3,
,,,2.6640000,88.000006974E-3,
,,,2.6680002,96.000000834E-3,
,,,2.6720002,40.00000283E-3,
,,,2.6760001,60.000002384E-3,
,,,2.6800001,8.000000380E-3,
,,,2.6840000,-36.00000218E-3,
,,,2.6880002,-12.0000001E-3,
,,,2.6920002,-72.000004351E-3,
,,,2.6960001,-76.000005007E-3,
,,,2.7000000,-80.000005662E-3,
,,,2.7040002,-131.9999993E-3,
,,,2.7080002,-84.000006318E-3,
,,,2.7120001,-76.000005007E-3,
,,,2.7160001,-108.0000028E-3,
,,,2.72000003,-68.000003695E-3,
,,,2.72400022,-76.000005007E-3,
,,,2.72800016,-52.00000107E-3,
,,,2.73200011,-36.00000218E-3,
,,,2.73600006,-20.0000014E-3,
,,,2.74000025,8.000000380E-3,
,,,2.74400020,64.000003040E-3,
,,,2.74800014,40.00000283E-3,
,,,2.75200009,84.000006318E-3,
,,,2.75600004,84.000006318E-3,
,,,2.76000023,156.00000322E-3,
,,,2.76400018,152.00001001E-3,
,,,2.76800013,148.0000019E-3,
,,,2.77200007,120.0000048E-3,
,,,2.77600002,168.00001264E-3,
,,,2.78000021,144.0000087E-3,
,,,2.78400016,148.0000019E-3,
,,,2.78800011,160.00001132E-3,
,,,2.79200006,131.9999993E-3,
,,,2.79600024,131.9999993E-3,
,,,2.80000019,128.0000061E-3,
,,,2.80400014,72.000004351E-3,
,,,2.80800009,76.000005007E-3,
,,,2.81200004,72.000004351E-3,
,,,2.81600022,20.0000014E-3,
,,,2.82000017,24.00000021E-3,
,,,2.82400012,0.0,
,,,2.82800007,0.0,
,,,2.83200002,-16.0000008E-3,
,,,2.83600020,-20.0000014E-3,
,,,2.84000015,-84.000006318E-3,
,,,2.84400010,-40.00000283E-3,
,,,2.84800005,-116.0000041E-3,
,,,2.85200024,-92.000007629E-3,
,,,2.85600019,-112.0000035E-3,
,,,2.86000013,-116.0000041E-3,
,,,2.86400008,-96.000000834E-3,
,,,2.86800003,-96.000000834E-3,
,,,2.87200022,-100.0000015E-3,
,,,2.87600017,-40.00000283E-3,
,,,2.88000011,-92.000007629E-3,
,,,2.88400006,-48.00000042E-3,
,,,2.88800025,-16.0000008E-3,
,,,2.89200020,-8.000000380E-3,
,,,2.89600015,32.00000152E-3,
,,,2.90000010,80.000005662E-3,
,,,2.90400004,52.00000107E-3,
,,,2.90800023,104.0000021E-3,
,,,2.91200018,108.0000028E-3,
,,,2.91600013,96.000000834E-3,
,,,2.92000008,136.0000074E-3,
,,,2.92400002,131.9999993E-3,
,,,2.92800021,124.0000054E-3,
,,,2.93200016,131.9999993E-3,
,,,2.93600011,112.0000035E-3,
,,,2.94000006,88.000006974E-3,
,,,2.94400024,112.0000035E-3,
,,,2.94800019,60.000002384E-3,
,,,2.95200014,84.000006318E-3,
,,,2.95600009,48.00000042E-3,
,,,2.96000004,16.0000008E-3,
,,,2.96400023,4.00000019E-3,
,,,2.96800017,8.000000380E-3,
,,,2.97200012,-44.00000349E-3,
,,,2.97600007,12.0000001E-3,
,,,2.98000026,-72.000004351E-3,
,,,2.98400021,-64.000003040E-3,
,,,2.98800015,-56.000001729E-3,
,,,2.99200010,-84.000006318E-3,
,,,2.99600005,-88.000006974E-3,
,,,3.00000024,-68.000003695E-3,
,,,3.00400019,-140.0000006E-3,
,,,3.00800014,-72.000004351E-3,
,,,3.01200008,-80.000005662E-3,
,,,3.01600003,-88.000006974E-3,
,,,3.02000022,-60.000002384E-3,
,,,3.02400017,-68.000003695E-3,
,,,3.02800012,-72.000004351E-3,
,,,3.03200006,-28.00000086E-3,
,,,3.03600025,-28.00000086E-3,
,,,3.04000020,-12.0000001E-3,
,,,3.04400015,12.0000001E-3,
,,,3.04800010,-12.0000001E-3,
,,,3.05200005,64.000003040E-3,
,,,3.05600023,56.000001729E-3,
,,,3.06000018,44.00000349E-3,
,,,3.06400013,80.000005662E-3,
,,,3.06800008,80.000005662E-3,
,,,3.07200003,80.000005662E-3,
,,,3.07600021,136.0000074E-3,
,,,3.08000016,92.000007629E-3,
,,,3.08400011,108.0000028E-3,
,,,3.08800006,120.0000048E-3,
,,,3.09200025,84.000006318E-3,
,,,3.09600019,88.000006974E-3,
,,,3.10000014,72.000004351E-3,
,,,3.10400009,32.00000152E-3,
,,,3.10800004,20.0000014E-3,
,,,3.11200023,16.0000008E-3,
,,,3.11600018,-48.00000042E-3,
,,,3.12000012,-20.0000014E-3,
,,,3.12400007,-48.00000042E-3,
,,,3.12800026,-80.000005662E-3,
,,,3.13200021,-60.000002384E-3,
,,,3.13600016,-76.000005007E-3,
,,,3.14000010,-108.0000028E-3,
,,,3.14400005,-76.000005007E-3,
,,,3.14800024,-96.000000834E-3,
,,,3.15200019,-96.000000834E-3,
,,,3.15600014,-72.000004351E-3,
,,,3.16000009,-68.000003695E-3,
,,,3.16400003,-56.000001729E-3,
,,,3.16800022,-32.00000152E-3,
,,,3.17200017,-48.00000042E-3,
,,,3.17600012,4.00000019E-3,
,,,3.18000007,-12.0000001E-3,
,,,3.18400025,-16.0000008E-3,
,,,3.18800020,16.0000008E-3,
,,,3.19200015,40.00000283E-3,
,,,3.19600010,40.00000283E-3,
,,,3.20000005,56.000001729E-3,
,,,3.20400023,32.00000152E-3,
,,,3.20800018,88.000006974E-3,
,,,3.21200013,64.000003040E-3,
,,,3.21600008,68.000003695E-3,
,,,3.22000027,84.000006318E-3,
,,,3.22400022,60.000002384E-3,
,,,3.22800016,84.000006318E-3,
,,,3.23200011,92.000007629E-3,
,,,3.23600006,52.00000107E-3,
,,,3.24000025,60.000002384E-3,
,,,3.24400020,92.000007629E-3,
,,,3.24800014,32.00000152E-3,
,,,3.25200009,60.000002384E-3,
,,,3.25600004,32.00000152E-3,
,,,3.26000023,12.0000001E-3,
,,,3.26400018,8.000000380E-3,
,,,3.26800013,-4.00000019E-3,
,,,3.27200007,-56.000001729E-3,
,,,3.27600026,-36.00000218E-3,
,,,3.28000021,-88.000006974E-3,
,,,3.28400016,-48.00000042E-3,
,,,3.28800011,-76.000005007E-3,
,,,3.29200006,-104.0000021E-3,
,,,3.29600024,-96.000000834E-3,
,,,3.30000019,-120.0000048E-3,
,,,3.30400014,-136.0000074E-3,
,,,3.30800009,-84.000006318E-3,
,,,3.31200027,-108.0000028E-3,
,,,3.31600022,-100.0000015E-3,
,,,3.32000017,-72.000004351E-3,
,,,3.32400012,-92.000007629E-3,
,,,3.32800007,-68.000003695E-3,
,,,3.33200026,-20.0000014E-3,
,,,3.33600020,-24.00000021E-3,
,,,3.34000015,-24.00000021E-3,
,,,3.34400010,24.00000021E-3,
,,,3.34800005,12.0000001E-3,
,,,3.35200024,64.000003040E-3,
,,,3.35600019,44.00000349E-3,
,,,3.36000013,60.000002384E-3,
,,,3.36400008,100.0000015E-3,
,,,3.36800027,104.0000021E-3,
,,,3.37200022,80.000005662E-3,
,,,3.37600017,112.0000035E-3,
,,,3.38000011,104.0000021E-3,
,,,3.38400006,96.000000834E-3,
,,,3.38800025,104.0000021E-3,
,,,3.39200020,56.000001729E-3,
,,,3.39600015,84.000006318E-3,
,,,3.40000010,60.000002384E-3,
,,,3.40400004,48.00000042E-3,
,,,3.40800023,52.00000107E-3,
,,,3.41200018,28.00000086E-3,
,,,3.41600013,8.000000380E-3,
,,,3.42000008,-4.00000019E-3,
,,,3.42400026,-28.00000086E-3,
,,,3.42800021,-24.00000021E-3,
,,,3.43200016,-40.00000283E-3,
,,,3.43600011,-68.000003695E-3,
,,,3.44000006,-84.000006318E-3,
,,,3.44400024,-76.000005007E-3,
,,,3.44800019,-116.0000041E-3,
,,,3.45200014,-92.000007629E-3,
,,,3.45600009,-131.9999993E-3,
,,,3.46000028,-131.9999993E-3,
,,,3.46400023,-124.0000054E-3,
,,,3.46800017,-104.0000021E-3,
,,,3.47200012,-120.0000048E-3,
,,,3.47600007,-100.0000015E-3,
,,,3.48000026,-92.000007629E-3,
,,,3.48400021,-56.000001729E-3,
,,,3.48800015,-44.00000349E-3,
,,,3.49200010,-12.0000001E-3,
,,,3.49600005,-4.00000019E-3,
,,,3.50000024,48.00000042E-3,
,,,3.50400019,52.00000107E-3,
,,,3.50800014,100.0000015E-3,
,,,3.51200008,116.0000041E-3,
,,,3.51600027,104.0000021E-3,
,,,3.52000022,160.00001132E-3,
,,,3.52400017,131.9999993E-3,
,,,3.52800012,168.00001264E-3,
,,,3.53200006,140.0000006E-3,
,,,3.53600025,128.0000061E-3,
,,,3.54000020,131.9999993E-3,
,,,3.54400015,128.0000061E-3,
,,,3.54800010,96.000000834E-3,
,,,3.55200028,104.0000021E-3,
,,,3.55600023,80.000005662E-3,
,,,3.56000018,20.0000014E-3,
,,,3.56400013,28.00000086E-3,
,,,3.56800008,8.000000380E-3,
,,,3.57200027,-8.000000380E-3,
,,,3.57600021,0.0,
,,,3.58000016,-64.000003040E-3,
,,,3.58400011,-40.00000283E-3,
,,,3.58800006,-52.00000107E-3,
,,,3.59200025,-92.000007629E-3,
,,,3.59600019,-84.000006318E-3,
,,,3.60000014,-120.0000048E-3,
,,,3.60400009,-104.0000021E-3,
,,,3.60800028,-136.0000074E-3,
,,,3.61200023,-144.0000087E-3,
,,,3.61600018,-152.00001001E-3,
,,,3.62000012,-140.0000006E-3,
,,,3.62400007,-140.0000006E-3,
,,,3.62800026,-120.0000048E-3,
,,,3.63200021,-112.0000035E-3,
,,,3.63600016,-104.0000021E-3,
,,,3.64000010,-92.000007629E-3,
,,,3.64400029,-48.00000042E-3,
,,,3.64800024,-72.000004351E-3,
,,,3.65200019,4.00000019E-3,
,,,3.65600014,-8.000000380E-3,
,,,3.66000009,48.00000042E-3,
,,,3.66400027,80.000005662E-3,
,,,3.66800022,88.000006974E-3,
,,,3.67200017,100.0000015E-3,
,,,3.67600012,144.0000087E-3,
,,,3.68000007,144.0000087E-3,
,,,3.68400025,180.00000715E-3,
,,,3.68800020,144.0000087E-3,
,,,3.69200015,164.00000453E-3,
,,,3.69600010,160.00001132E-3,
,,,3.70000029,156.00000322E-3,
,,,3.70400023,131.9999993E-3,
,,,3.70800018,104.0000021E-3,
,,,3.71200013,96.000000834E-3,
,,,3.71600008,44.00000349E-3,
,,,3.72000027,16.0000008E-3,
,,,3.72400022,-4.00000019E-3,
,,,3.72800016,-20.0000014E-3,
,,,3.73200011,-12.0000001E-3,
,,,3.73600006,-48.00000042E-3,
,,,3.74000025,-96.000000834E-3,
,,,3.74400020,-76.000005007E-3,
,,,3.74800014,-144.0000087E-3,
,,,3.75200009,-120.0000048E-3,
,,,3.75600028,-144.0000087E-3,
,,,3.76000023,-152.00001001E-3,
,,,3.76400018,-140.0000006E-3,
,,,3.76800013,-168.00001264E-3,
,,,3.77200007,-176.00001395E-3,
,,,3.77600026,-156.00000322E-3,
,,,3.78000021,-160.00001132E-3,
,,,3.78400016,-144.0000087E-3,
,,,3.78800011,-128.0000061E-3,
,,,3.79200029,-124.0000054E-3,
,,,3.79600024,-80.000005662E-3,
,,,3.80000019,-76.000005007E-3,
,,,3.80400014,-60.000002384E-3,
,,,3.80800009,-16.0000008E-3,
,,,3.81200027,4.00000019E-3,
,,,3.81600022,24.00000021E-3,
,,,3.82000017,60.000002384E-3,
,,,3.82400012,80.000005662E-3,
,,,3.82800007,120.0000048E-3,
,,,3.83200026,120.0000048E-3,
,,,3.83600020,148.0000019E-3,
,,,3.84000015,144.0000087E-3,
,,,3.84400010,160.00001132E-3,
,,,3.84800029,131.9999993E-3,
,,,3.85200024,164.00000453E-3,
,,,3.85600019,104.0000021E-3,
,,,3.86000013,128.0000061E-3,
,,,3.86400008,124.0000054E-3,
,,,3.86800027,104.0000021E-3,
,,,3.87200022,76.000005007E-3,
,,,3.87600017,84.000006318E-3,
,,,3.88000011,24.00000021E-3,
,,,3.88400030,8.000000380E-3,
,,,3.88800025,-28.00000086E-3,
,,,3.89200020,-44.00000349E-3,
,,,3.89600015,-48.00000042E-3,
,,,3.90000010,-92.000007629E-3,
,,,3.90400028,-112.0000035E-3,
,,,3.90800023,-96.000000834E-3,
,,,3.91200018,-116.0000041E-3,
,,,3.91600013,-136.0000074E-3,
,,,3.92000008,-116.0000041E-3,
,,,3.92400026,-160.00001132E-3,
,,,3.92800021,-96.000000834E-3,
,,,3.93200016,-131.9999993E-3,
,,,3.93600011,-144.0000087E-3,
,,,3.94000030,-140.0000006E-3,
,,,3.94400024,-112.0000035E-3,
,,,3.94800019,-128.0000061E-3,
,,,3.95200014,-80.000005662E-3,
,,,3.95600009,-88.000006974E-3,
,,,3.96000028,-28.00000086E-3,
,,,3.96400023,-44.00000349E-3,
,,,3.96800017,0.0,
,,,3.97200012,28.00000086E-3,
,,,3.97600007,36.00000218E-3,
,,,3.98000026,64.000003040E-3,
,,,3.98400021,84.000006318E-3,
,,,3.98800015,108.0000028E-3,
,,,3.99200010,124.0000054E-3,
,,,3.99600029,136.0000074E-3,
,,,4.00000000,168.00001264E-3,
,,,4.00400019,136.0000074E-3,
,,,4.00800037,164.00000453E-3,
,,,4.01200008,172.00000584E-3,
,,,4.01600027,144.0000087E-3,
,,,4.01999998,152.00001001E-3,
,,,4.02400017,116.0000041E-3,
,,,4.02800035,136.0000074E-3,
,,,4.03200006,92.000007629E-3,
,,,4.03600025,68.000003695E-3,
,,,4.03999996,56.000001729E-3,
,,,4.04400015,8.000000380E-3,
,,,4.04800034,-32.00000152E-3,
,,,4.05200005,-28.00000086E-3,
,,,4.05600023,-88.000006974E-3,
,,,4.06000042,-56.000001729E-3,
,,,4.06400013,-96.000000834E-3,
,,,4.06800032,-116.0000041E-3,
,,,4.07200003,-140.0000006E-3,
,,,4.07600021,-128.0000061E-3,
,,,4.08000040,-160.00001132E-3,
,,,4.08400011,-128.0000061E-3,
,,,4.08800030,-152.00001001E-3,
,,,4.09200001,-144.0000087E-3,
,,,4.09600019,-128.0000061E-3,
,,,4.10000038,-136.0000074E-3,
,,,4.10400009,-104.0000021E-3,
,,,4.10800028,-68.000003695E-3,
,,,4.11199999,-68.000003695E-3,
,,,4.11600018,-44.00000349E-3,
,,,4.12000036,-28.00000086E-3,
,,,4.12400007,-12.0000001E-3,
,,,4.12800026,24.00000021E-3,
,,,4.13199997,40.00000283E-3,
,,,4.13600016,40.00000283E-3,
,,,4.14000034,76.000005007E-3,
,,,4.14400005,80.000005662E-3,
,,,4.14800024,84.000006318E-3,
,,,4.15200043,128.0000061E-3,
,,,4.15600014,88.000006974E-3,
,,,4.16000032,156.00000322E-3,
,,,4.16400003,120.0000048E-3,
,,,4.16800022,128.0000061E-3,
,,,4.17200041,116.0000041E-3,
,,,4.17600012,120.0000048E-3,
,,,4.18000031,104.0000021E-3,
,,,4.18400002,112.0000035E-3,
,,,4.18800020,100.0000015E-3,
,,,4.19200039,68.000003695E-3,
,,,4.19600010,76.000005007E-3,
,,,4.20000029,40.00000283E-3,
,,,4.20400000,-20.0000014E-3,
,,,4.20800018,0.0,
,,,4.21200037,-32.00000152E-3,
,,,4.21600008,-56.000001729E-3,
,,,4.22000027,-64.000003040E-3,
,,,4.22399998,-112.0000035E-3,
,,,4.22800016,-84.000006318E-3,
,,,4.23200035,-100.0000015E-3,
,,,4.23600006,-128.0000061E-3,
,,,4.24000025,-112.0000035E-3,
,,,4.24400043,-131.9999993E-3,
,,,4.24800014,-120.0000048E-3,
,,,4.25200033,-88.000006974E-3,
,,,4.25600004,-136.0000074E-3,
,,,4.26000023,-52.00000107E-3,
,,,4.26400042,-56.000001729E-3,
,,,4.26800013,-52.00000107E-3,
,,,4.27200031,-16.0000008E-3,
,,,4.27600002,4.00000019E-3,
,,,4.28000021,0.0,
,,,4.28400040,64.000003040E-3,
,,,4.28800011,40.00000283E-3,
,,,4.29200029,52.00000107E-3,
,,,4.29600000,60.000002384E-3,
,,,4.30000019,84.000006318E-3,
,,,4.30400038,88.000006974E-3,
,,,4.30800009,100.0000015E-3,
,,,4.31200027,96.000000834E-3,
,,,4.31599998,96.000000834E-3,
,,,4.32000017,120.0000048E-3,
,,,4.32400036,92.000007629E-3,
,,,4.32800007,108.0000028E-3,
,,,4.33200026,92.000007629E-3,
,,,4.33600044,76.000005007E-3,
,,,4.34000015,84.000006318E-3,
,,,4.34400034,92.000007629E-3,
,,,4.34800005,64.000003040E-3,
,,,4.35200024,96.000000834E-3,
,,,4.35600042,36.00000218E-3,
,,,4.36000013,52.00000107E-3,
,,,4.36400032,28.00000086E-3,
,,,4.36800003,16.0000008E-3,
,,,4.37200022,-24.00000021E-3,
,,,4.37600040,-16.0000008E-3,
,,,4.38000011,-48.00000042E-3,
,,,4.38400030,-40.00000283E-3,
,,,4.38800001,-88.000006974E-3,
,,,4.39200020,-96.000000834E-3,
,,,4.39600039,-80.000005662E-3,
,,,4.40000010,-104.0000021E-3,
,,,4.40400028,-88.000006974E-3,
,,,4.40799999,-88.000006974E-3,
,,,4.41200018,-88.000006974E-3,
,,,4.41600037,-72.000004351E-3,
,,,4.42000008,-48.00000042E-3,
,,,4.42400026,-40.00000283E-3,
,,,4.42799997,-8.000000380E-3,
,,,4.43200016,0.0,
,,,4.43600035,20.0000014E-3,
,,,4.44000006,16.0000008E-3,
,,,4.44400024,16.0000008E-3,
,,,4.44800043,48.00000042E-3,
,,,4.45200014,60.000002384E-3,
,,,4.45600033,20.0000014E-3,
,,,4.46000004,64.000003040E-3,
,,,4.46400023,44.00000349E-3,
,,,4.46800041,76.000005007E-3,
,,,4.47200012,64.000003040E-3,
,,,4.47600031,68.000003695E-3,
,,,4.48000002,64.000003040E-3,
,,,4.48400021,96.000000834E-3,
,,,4.48800039,56.000001729E-3,
,,,4.49200010,56.000001729E-3,
,,,4.49600029,76.000005007E-3,
,,,4.50000000,16.0000008E-3,
,,,4.50400019,60.000002384E-3,
,,,4.50800037,60.000002384E-3,
,,,4.51200008,20.0000014E-3,
,,,4.51600027,40.00000283E-3,
,,,4.51999998,36.00000218E-3,
,,,4.52400017,-8.000000380E-3,
,,,4.52800035,28.00000086E-3,
,,,4.53200006,0.0,
,,,4.53600025,-8.000000380E-3,
,,,4.54000044,-12.0000001E-3,
,,,4.54400015,-24.00000021E-3,
,,,4.54800034,-24.00000021E-3,
,,,4.55200005,-24.00000021E-3,
,,,4.55600023,-96.000000834E-3,
,,,4.56000042,-16.0000008E-3,
,,,4.56400013,-44.00000349E-3,
,,,4.56800032,-40.00000283E-3,
,,,4.57200003,-20.0000014E-3,
,,,4.57600021,-12.0000001E-3,
,,,4.58000040,-4.00000019E-3,
,,,4.58400011,36.00000218E-3,
,,,4.58800030,12.0000001E-3,
,,,4.59200001,64.000003040E-3,
,,,4.59600019,64.000003040E-3,
,,,4.60000038,52.00000107E-3,
,,,4.60400009,44.00000349E-3,
,,,4.60800028,64.000003040E-3,
,,,4.61199999,52.00000107E-3,
,,,4.61600018,72.000004351E-3,
,,,4.62000036,64.000003040E-3,
,,,4.62400007,28.00000086E-3,
,,,4.62800026,44.00000349E-3,
,,,4.63200045,36.00000218E-3,
,,,4.63600016,48.00000042E-3,
,,,4.64000034,12.0000001E-3,
,,,4.64400005,0.0,
,,,4.64800024,12.0000001E-3,
,,,4.65200043,28.00000086E-3,
,,,4.65600014,-28.00000086E-3,
,,,4.66000032,16.0000008E-3,
,,,4.66400003,-12.0000001E-3,
,,,4.66800022,-8.000000380E-3,
,,,4.67200041,0.0,
,,,4.67600012,12.0000001E-3,
,,,4.68000031,12.0000001E-3,
,,,4.68400002,32.00000152E-3,
,,,4.68800020,-16.0000008E-3,
,,,4.69200039,12.0000001E-3,
,,,4.69600010,44.00000349E-3,
,,,4.70000029,20.0000014E-3,
,,,4.70400000,8.000000380E-3,
,,,4.70800018,28.00000086E-3,
,,,4.71200037,28.00000086E-3,
,,,4.71600008,24.00000021E-3,
,,,4.72000027,20.0000014E-3,
,,,4.72400045,20.0000014E-3,
,,,4.72800016,40.00000283E-3,
,,,4.73200035,20.0000014E-3,
,,,4.73600006,40.00000283E-3,
,,,4.74000025,56.000001729E-3,
,,,4.74400043,48.00000042E-3,
,,,4.74800014,84.000006318E-3,
,,,4.75200033,80.000005662E-3,
,,,4.75600004,60.000002384E-3,
,,,4.76000023,120.0000048E-3,
,,,4.76400042,68.000003695E-3,
,,,4.76800013,100.0000015E-3,
,,,4.77200031,64.000003040E-3,
,,,4.77600002,60.000002384E-3,
,,,4.78000021,52.00000107E-3,
,,,4.78400040,72.000004351E-3,
,,,4.78800011,4.00000019E-3,
,,,4.79200029,24.00000021E-3,
,,,4.79600000,-4.00000019E-3,
,,,4.80000019,-4.00000019E-3,
,,,4.80400038,-28.00000086E-3,
,,,4.80800009,-36.00000218E-3,
,,,4.81200027,-48.00000042E-3,
,,,4.81600046,-44.00000349E-3,
,,,4.82000017,-40.00000283E-3,
,,,4.82400036,-52.00000107E-3,
,,,4.82800007,-12.0000001E-3,
,,,4.83200026,-76.000005007E-3,
,,,4.83600044,-40.00000283E-3,
,,,4.84000015,-24.00000021E-3,
,,,4.84400034,-40.00000283E-3,
,,,4.84800005,-20.0000014E-3,
,,,4.85200024,0.0,
,,,4.85600042,0.0,
,,,4.86000013,36.00000218E-3,
,,,4.86400032,4.00000019E-3,
,,,4.86800003,72.000004351E-3,
,,,4.87200022,72.000004351E-3,
,,,4.87600040,68.000003695E-3,
,,,4.88000011,84.000006318E-3,
,,,4.88400030,124.0000054E-3,
,,,4.88800001,84.000006318E-3,
,,,4.89200020,124.0000054E-3,
,,,4.89600039,112.0000035E-3,
,,,4.90000010,104.0000021E-3,
,,,4.90400028,120.0000048E-3,
,,,4.90800047,108.0000028E-3,
,,,4.91200018,92.000007629E-3,
,,,4.91600037,120.0000048E-3,
,,,4.92000008,96.000000834E-3,
,,,4.92400026,96.000000834E-3,
,,,4.92800045,92.000007629E-3,
,,,4.93200016,88.000006974E-3,
,,,4.93600035,52.00000107E-3,
,,,4.94000006,52.00000107E-3,
,,,4.94400024,20.0000014E-3,
,,,4.94800043,12.0000001E-3,
,,,4.95200014,-36.00000218E-3,
,,,4.95600033,-72.000004351E-3,
,,,4.96000004,-20.0000014E-3,
,,,4.96400023,-84.000006318E-3,
,,,4.96800041,-68.000003695E-3,
,,,4.97200012,-100.0000015E-3,
,,,4.97600031,-108.0000028E-3,
,,,4.98000002,-80.000005662E-3,
,,,4.98400021,-52.00000107E-3,
,,,4.98800039,-96.000000834E-3,
,,,4.99200010,-56.000001729E-3,
,,,4.99600029,-48.00000042E-3,
,,,5.00000000,-40.00000283E-3,
,,,5.00400019,-8.000000380E-3,
,,,5.00800037,-12.0000001E-3,
,,,5.01200008,-28.00000086E-3,
,,,5.01600027,24.00000021E-3,
,,,5.02000046,52.00000107E-3,
,,,5.02400017,84.000006318E-3,
,,,5.02800035,104.0000021E-3,
,,,5.03200006,76.000005007E-3,
,,,5.03600025,116.0000041E-3,
,,,5.04000044,128.0000061E-3,
,,,5.04400015,120.0000048E-3,
,,,5.04800034,156.00000322E-3,
,,,5.05200005,164.00000453E-3,
,,,5.05600023,131.9999993E-3,
,,,5.06000042,164.00000453E-3,
,,,5.06400013,116.0000041E-3,
,,,5.06800032,160.00001132E-3,
,,,5.07200003,131.9999993E-3,
,,,5.07600021,92.000007629E-3,
,,,5.08000040,96.000000834E-3,
,,,5.08400011,96.000000834E-3,
,,,5.08800030,24.00000021E-3,
,,,5.09200001,52.00000107E-3,
,,,5.09600019,-4.00000019E-3,
,,,5.10000038,-24.00000021E-3,
,,,5.10400009,-24.00000021E-3,
,,,5.10800028,-24.00000021E-3,
,,,5.11200047,-40.00000283E-3,
,,,5.11600018,-64.000003040E-3,
,,,5.12000036,-104.0000021E-3,
,,,5.12400007,-112.0000035E-3,
,,,5.12800026,-124.0000054E-3,
,,,5.13200045,-160.00001132E-3,
,,,5.13600016,-140.0000006E-3,
,,,5.14000034,-176.00001395E-3,
,,,5.14400005,-152.00001001E-3,
,,,5.14800024,-144.0000087E-3,
,,,5.15200043,-152.00001001E-3,
,,,5.15600014,-152.00001001E-3,
,,,5.16000032,-88.000006974E-3,
,,,5.16400003,-116.0000041E-3,
,,,5.16800022,-52.00000107E-3,
,,,5.17200041,4.00000019E-3,
,,,5.17600012,4.00000019E-3,
,,,5.18000031,40.00000283E-3,
,,,5.18400002,92.000007629E-3,
,,,5.18800020,84.000006318E-3,
,,,5.19200039,148.0000019E-3,
,,,5.19600010,156.00000322E-3,
,,,5.20000029,160.00001132E-3,
,,,5.20400047,184.00001526E-3,
,,,5.20800018,160.00001132E-3,
,,,5.21200037,192.00000167E-3,
,,,5.21600008,216.00000560E-3,
,,,5.22000027,172.00000584E-3,
,,,5.22400045,184.00001526E-3,
,,,5.22800016,140.0000006E-3,
,,,5.23200035,112.0000035E-3,
,,,5.23600006,156.00000322E-3,
,,,5.24000025,80.000005662E-3,
,,,5.24400043,64.000003040E-3,
,,,5.24800014,32.00000152E-3,
,,,5.25200033,24.00000021E-3,
,,,5.25600004,-12.0000001E-3,
,,,5.26000023,-20.0000014E-3,
,,,5.26400042,-116.0000041E-3,
,,,5.26800013,-88.000006974E-3,
,,,5.27200031,-108.0000028E-3,
,,,5.27600002,-131.9999993E-3,
,,,5.28000021,-140.0000006E-3,
,,,5.28400040,-152.00001001E-3,
,,,5.28800011,-184.00001526E-3,
,,,5.29200029,-128.0000061E-3,
,,,5.29600048,-152.00001001E-3,
,,,5.30000019,-148.0000019E-3,
,,,5.30400038,-152.00001001E-3,
,,,5.30800009,-152.00001001E-3,
,,,5.31200027,-152.00001001E-3,
,,,5.31600046,-116.0000041E-3,
,,,5.32000017,-136.0000074E-3,
,,,5.32400036,-80.000005662E-3,
,,,5.32800007,-44.00000349E-3,
,,,5.33200026,-24.00000021E-3,
,,,5.33600044,40.00000283E-3,
,,,5.34000015,40.00000283E-3,
,,,5.34400034,72.000004351E-3,
,,,5.34800005,120.0000048E-3,
,,,5.35200024,152.00001001E-3,
,,,5.35600042,136.0000074E-3,
,,,5.36000013,196.00000978E-3,
,,,5.36400032,176.00001395E-3,
,,,5.36800003,204.00001109E-3,
,,,5.37200022,220.00001371E-3,
,,,5.37600040,200.00000298E-3,
,,,5.38000011,204.00001109E-3,
,,,5.38400030,168.00001264E-3,
,,,5.38800049,131.9999993E-3,
,,,5.39200020,160.00001132E-3,
,,,5.39600039,104.0000021E-3,
,,,5.40000010,80.000005662E-3,
,,,5.40400028,52.00000107E-3,
,,,5.40800047,28.00000086E-3,
,,,5.41200018,-12.0000001E-3,
,,,5.41600037,-12.0000001E-3,
,,,5.42000008,-72.000004351E-3,
,,,5.42400026,-92.000007629E-3,
,,,5.42800045,-88.000006974E-3,
,,,5.43200016,-124.0000054E-3,
,,,5.43600035,-128.0000061E-3,
,,,5.44000006,-152.00001001E-3,
,,,5.44400024,-140.0000006E-3,
,,,5.44800043,-131.9999993E-3,
,,,5.45200014,-168.00001264E-3,
,,,5.45600033,-168.00001264E-3,
,,,5.46000004,-156.00000322E-3,
,,,5.46400023,-184.00001526E-3,
,,,5.46800041,-116.0000041E-3,
,,,5.47200012,-140.0000006E-3,
,,,5.47600031,-96.000000834E-3,
,,,5.48000050,-88.000006974E-3,
,,,5.48400021,-64.000003040E-3,
,,,5.48800039,-52.00000107E-3,
,,,5.49200010,12.0000001E-3,
,,,5.49600029,28.00000086E-3,
,,,5.50000048,44.00000349E-3,
,,,5.50400019,92.000007629E-3,
,,,5.50800037,112.0000035E-3,
,,,5.51200008,148.0000019E-3,
,,,5.51600027,196.00000978E-3,
,,,5.52000046,200.00000298E-3,
,,,5.52400017,220.00001371E-3,
,,,5.52800035,220.00001371E-3,
,,,5.53200006,212.00001240E-3,
,,,5.53600025,216.00000560E-3,
,,,5.54000044,204.00001109E-3,
,,,5.54400015,196.00000978E-3,
,,,5.54800034,184.00001526E-3,
,,,5.55200005,140.0000006E-3,
,,,5.55600023,104.0000021E-3,
,,,5.56000042,104.0000021E-3,
,,,5.56400013,0.0,
,,,5.56800032,28.00000086E-3,
,,,5.57200003,-20.0000014E-3,
,,,5.57600021,-56.000001729E-3,
,,,5.58000040,-60.000002384E-3,
,,,5.58400011,-64.000003040E-3,
,,,5.58800030,-84.000006318E-3,
,,,5.59200048,-100.0000015E-3,
,,,5.59600019,-120.0000048E-3,
,,,5.60000038,-124.0000054E-3,
,,,5.60400009,-136.0000074E-3,
,,,5.60800028,-148.0000019E-3,
,,,5.61200047,-136.0000074E-3,
,,,5.61600018,-128.0000061E-3,
,,,5.62000036,-156.00000322E-3,
,,,5.62400007,-120.0000048E-3,
,,,5.62800026,-108.0000028E-3,
,,,5.63200045,-80.000005662E-3,
,,,5.63600016,-84.000006318E-3,
,,,5.64000034,-68.000003695E-3,
,,,5.64400005,-36.00000218E-3,
,,,5.64800024,-12.0000001E-3,
,,,5.65200043,-8.000000380E-3,
,,,5.65600014,20.0000014E-3,
,,,5.66000032,72.000004351E-3,
,,,5.66400003,84.000006318E-3,
,,,5.66800022,104.0000021E-3,
,,,5.67200041,131.9999993E-3,
,,,5.67600012,156.00000322E-3,
,,,5.68000031,156.00000322E-3,
,,,5.68400049,180.00000715E-3,
,,,5.68800020,164.00000453E-3,
,,,5.69200039,208.00000429E-3,
,,,5.69600010,184.00001526E-3,
,,,5.70000029,168.00001264E-3,
,,,5.70400047,156.00000322E-3,
,,,5.70800018,131.9999993E-3,
,,,5.71200037,124.0000054E-3,
,,,5.71600008,100.0000015E-3,
,,,5.72000027,76.000005007E-3,
,,,5.72400045,48.00000042E-3,
,,,5.72800016,16.0000008E-3,
,,,5.73200035,-28.00000086E-3,
,,,5.73600006,-12.0000001E-3,
,,,5.74000025,-56.000001729E-3,
,,,5.74400043,-80.000005662E-3,
,,,5.74800014,-76.000005007E-3,
,,,5.75200033,-136.0000074E-3,
,,,5.75600004,-136.0000074E-3,
,,,5.76000023,-108.0000028E-3,
,,,5.76400042,-148.0000019E-3,
,,,5.76800013,-140.0000006E-3,
,,,5.77200031,-156.00000322E-3,
,,,5.77600050,-120.0000048E-3,
,,,5.78000021,-128.0000061E-3,
,,,5.78400040,-116.0000041E-3,
,,,5.78800011,-120.0000048E-3,
,,,5.79200029,-64.000003040E-3,
,,,5.79600048,-72.000004351E-3,
,,,5.80000019,-52.00000107E-3,
,,,5.80400038,-32.00000152E-3,
,,,5.80800009,16.0000008E-3,
,,,5.81200027,44.00000349E-3,
,,,5.81600046,60.000002384E-3,
,,,5.82000017,84.000006318E-3,
,,,5.82400036,100.0000015E-3,
,,,5.82800007,108.0000028E-3,
,,,5.83200026,140.0000006E-3,
,,,5.83600044,144.0000087E-3,
,,,5.84000015,168.00001264E-3,
,,,5.84400034,180.00000715E-3,
,,,5.84800005,172.00000584E-3,
,,,5.85200024,188.00000846E-3,
,,,5.85600042,148.0000019E-3,
,,,5.86000013,176.00001395E-3,
,,,5.86400032,100.0000015E-3,
,,,5.86800051,136.0000074E-3,
,,,5.87200022,80.000005662E-3,
,,,5.87600040,84.000006318E-3,
,,,5.88000011,64.000003040E-3,
,,,5.88400030,24.00000021E-3,
,,,5.88800049,0.0,
,,,5.89200020,4.00000019E-3,
,,,5.89600039,-44.00000349E-3,
,,,5.90000010,-28.00000086E-3,
,,,5.90400028,-52.00000107E-3,
,,,5.90800047,-72.000004351E-3,
,,,5.91200018,-84.000006318E-3,
,,,5.91600037,-112.0000035E-3,
,,,5.92000008,-144.0000087E-3,
,,,5.92400026,-112.0000035E-3,
,,,5.92800045,-112.0000035E-3,
,,,5.93200016,-116.0000041E-3,
,,,5.93600035,-108.0000028E-3,
,,,5.94000006,-100.0000015E-3,
,,,5.94400024,-68.000003695E-3,
,,,5.94800043,-60.000002384E-3,
,,,5.95200014,-64.000003040E-3,
,,,5.95600033,-24.00000021E-3,
,,,5.96000051,8.000000380E-3,
,,,5.96400023,-8.000000380E-3,
,,,5.96800041,28.00000086E-3,
,,,5.97200012,-12.0000001E-3,
,,,5.97600031,24.00000021E-3,
,,,5.98000050,52.00000107E-3,
,,,5.98400021,68.000003695E-3,
,,,5.98800039,48.00000042E-3,
,,,5.99200010,80.000005662E-3,
,,,5.99600029,72.000004351E-3,
,,,6.00000048,88.000006974E-3,
,,,6.00400019,68.000003695E-3,
,,,6.00800037,92.000007629E-3,
,,,6.01200008,80.000005662E-3,
,,,6.01600027,96.000000834E-3,
,,,6.02000046,64.000003040E-3,
,,,6.02400017,88.000006974E-3,
,,,6.02800035,80.000005662E-3,
,,,6.03200006,64.000003040E-3,
,,,6.03600025,64.000003040E-3,
,,,6.04000044,48.00000042E-3,
,,,6.04400015,40.00000283E-3,
,,,6.04800034,36.00000218E-3,
,,,6.05200052,16.0000008E-3,
,,,6.05600023,-16.0000008E-3,
,,,6.06000042,4.00000019E-3,
,,,6.06400013,-36.00000218E-3,
,,,6.06800032,-16.0000008E-3,
,,,6.07200050,-56.000001729E-3,
,,,6.07600021,-48.00000042E-3,
,,,6.08000040,-56.000001729E-3,
,,,6.08400011,-56.000001729E-3,
,,,6.08800030,-80.000005662E-3,
,,,6.09200048,-56.000001729E-3,
,,,6.09600019,-76.000005007E-3,
,,,6.10000038,-44.00000349E-3,
,,,6.10400009,-52.00000107E-3,
,,,6.10800028,-20.0000014E-3,
,,,6.11200047,-40.00000283E-3,
,,,6.11600018,28.00000086E-3,
,,,6.12000036,24.00000021E-3,
,,,6.12400007,44.00000349E-3,
,,,6.12800026,24.00000021E-3,
,,,6.13200045,44.00000349E-3,
,,,6.13600016,64.000003040E-3,
,,,6.14000034,60.000002384E-3,
,,,6.14400005,64.000003040E-3,
,,,6.14800024,88.000006974E-3,
,,,6.15200043,44.00000349E-3,
,,,6.15600014,68.000003695E-3,
,,,6.16000032,44.00000349E-3,
,,,6.16400051,24.00000021E-3,
,,,6.16800022,44.00000349E-3,
,,,6.17200041,44.00000349E-3,
,,,6.17600012,44.00000349E-3,
,,,6.18000031,24.00000021E-3,
,,,6.18400049,24.00000021E-3,
,,,6.18800020,8.000000380E-3,
,,,6.19200039,36.00000218E-3,
,,,6.19600010,40.00000283E-3,
,,,6.20000029,28.00000086E-3,
,,,6.20400047,-12.0000001E-3,
,,,6.20800018,-24.00000021E-3,
,,,6.21200037,-28.00000086E-3,
,,,6.21600008,-20.0000014E-3,
,,,6.22000027,-52.00000107E-3,
,,,6.22400045,-24.00000021E-3,
,,,6.22800016,-48.00000042E-3,
,,,6.23200035,-48.00000042E-3,
,,,6.23600006,-36.00000218E-3,
,,,6.24000025,-60.000002384E-3,
,,,6.24400043,-24.00000021E-3,
,,,6.24800014,-52.00000107E-3,
,,,6.25200033,-52.00000107E-3,
,,,6.25600052,-32.00000152E-3,
,,,6.26000023,12.0000001E-3,
,,,6.26400042,-20.0000014E-3,
,,,6.26800013,48.00000042E-3,
,,,6.27200031,0.0,
,,,6.27600050,76.000005007E-3,
,,,6.28000021,72.000004351E-3,
,,,6.28400040,120.0000048E-3,
,,,6.28800011,100.0000015E-3,
,,,6.29200029,92.000007629E-3,
,,,6.29600048,100.0000015E-3,
,,,6.30000019,128.0000061E-3,
,,,6.30400038,88.000006974E-3,
,,,6.30800009,84.000006318E-3,
,,,6.31200027,112.0000035E-3,
,,,6.31600046,72.000004351E-3,
,,,6.32000017,52.00000107E-3,
,,,6.32400036,72.000004351E-3,
,,,6.32800007,8.000000380E-3,
,,,6.33200026,40.00000283E-3,
,,,6.33600044,8.000000380E-3,
,,,6.34000015,-40.00000283E-3,
,,,6.34400034,-20.0000014E-3,
,,,6.34800053,-64.000003040E-3,
,,,6.35200024,-64.000003040E-3,
,,,6.35600042,-52.00000107E-3,
,,,6.36000013,-60.000002384E-3,
,,,6.36400032,-64.000003040E-3,
,,,6.36800051,-64.000003040E-3,
,,,6.37200022,-116.0000041E-3,
,,,6.37600040,-48.00000042E-3,
,,,6.38000011,-72.000004351E-3,
,,,6.38400030,-60.000002384E-3,
,,,6.38800049,-88.000006974E-3,
,,,6.39200020,-60.000002384E-3,
,,,6.39600039,-56.000001729E-3,
,,,6.40000010,-16.0000008E-3,
,,,6.40400028,-16.0000008E-3,
,,,6.40800047,4.00000019E-3,
,,,6.41200018,40.00000283E-3,
,,,6.41600037,52.00000107E-3,
,,,6.42000008,80.000005662E-3,
,,,6.42400026,92.000007629E-3,
,,,6.42800045,104.0000021E-3,
,,,6.43200016,140.0000006E-3,
,,,6.43600035,136.0000074E-3,
,,,6.44000053,140.0000006E-3,
,,,6.44400024,176.00001395E-3,
,,,6.44800043,168.00001264E-3,
,,,6.45200014,131.9999993E-3,
,,,6.45600033,164.00000453E-3,
,,,6.46000051,136.0000074E-3,
,,,6.46400023,124.0000054E-3,
,,,6.46800041,148.0000019E-3,
,,,6.47200012,48.00000042E-3,
,,,6.47600031,60.000002384E-3,
,,,6.48000050,24.00000021E-3,
,,,6.48400021,-8.000000380E-3,
,,,6.48800039,-48.00000042E-3,
,,,6.49200010,-20.0000014E-3,
,,,6.49600029,-76.000005007E-3,
,,,6.50000048,-80.000005662E-3,
,,,6.50400019,-128.0000061E-3,
,,,6.50800037,-100.0000015E-3,
,,,6.51200008,-120.0000048E-3,
,,,6.51600027,-128.0000061E-3,
,,,6.52000046,-168.00001264E-3,
,,,6.52400017,-128.0000061E-3,
,,,6.52800035,-128.0000061E-3,
,,,6.53200054,-88.000006974E-3,
,,,6.53600025,-104.0000021E-3,
,,,6.54000044,-104.0000021E-3,
,,,6.54400015,-40.00000283E-3,
,,,6.54800034,-36.00000218E-3,
,,,6.55200052,-36.00000218E-3,
,,,6.55600023,12.0000001E-3,
,,,6.56000042,36.00000218E-3,
,,,6.56400013,56.000001729E-3,
,,,6.56800032,108.0000028E-3,
,,,6.57200050,112.0000035E-3,
,,,6.57600021,176.00001395E-3,
,,,6.58000040,172.00000584E-3,
,,,6.58400011,180.00000715E-3,
,,,6.58800030,172.00000584E-3,
,,,6.59200048,196.00000978E-3,
,,,6.59600019,192.00000167E-3,
,,,6.60000038,200.00000298E-3,
,,,6.60400009,156.00000322E-3,
,,,6.60800028,164.00000453E-3,
,,,6.61200047,140.0000006E-3,
,,,6.61600018,112.0000035E-3,
,,,6.62000036,131.9999993E-3,
,,,6.62400055,80.000005662E-3,
,,,6.62800026,40.00000283E-3,
,,,6.63200045,52.00000107E-3,
,,,6.63600016,-16.0000008E-3,
,,,6.64000034,-24.00000021E-3,
,,,6.64400053,-40.00000283E-3,
,,,6.64800024,-104.0000021E-3,
,,,6.65200043,-92.000007629E-3,
,,,6.65600014,-108.0000028E-3,
,,,6.66000032,-88.000006974E-3,
,,,6.66400051,-136.0000074E-3,
,,,6.66800022,-108.0000028E-3,
,,,6.67200041,-168.00001264E-3,
,,,6.67600012,-104.0000021E-3,
,,,6.68000031,-108.0000028E-3,
,,,6.68400049,-108.0000028E-3,
,,,6.68800020,-88.000006974E-3,
,,,6.69200039,-60.000002384E-3,
,,,6.69600010,-32.00000152E-3,
,,,6.70000029,8.000000380E-3,
,,,6.70400047,-28.00000086E-3,
,,,6.70800018,28.00000086E-3,
,,,6.71200037,72.000004351E-3,
,,,6.71600056,76.000005007E-3,
,,,6.72000027,92.000007629E-3,
,,,6.72400045,131.9999993E-3,
,,,6.72800016,136.0000074E-3,
,,,6.73200035,164.00000453E-3,
,,,6.73600054,152.00001001E-3,
,,,6.74000025,172.00000584E-3,
,,,6.74400043,208.00000429E-3,
,,,6.74800014,156.00000322E-3,
,,,6.75200033,196.00000978E-3,
,,,6.75600052,160.00001132E-3,
,,,6.76000023,144.0000087E-3,
,,,6.76400042,128.0000061E-3,
,,,6.76800013,136.0000074E-3,
,,,6.77200031,72.000004351E-3,
,,,6.77600050,88.000006974E-3,
,,,6.78000021,44.00000349E-3,
,,,6.78400040,40.00000283E-3,
,,,6.78800011,12.0000001E-3,
,,,6.79200029,-28.00000086E-3,
,,,6.79600048,-32.00000152E-3,
,,,6.80000019,-68.000003695E-3,
,,,6.80400038,-104.0000021E-3,
,,,6.80800009,-116.0000041E-3,
,,,6.81200027,-140.0000006E-3,
,,,6.81600046,-131.9999993E-3,
,,,6.82000017,-131.9999993E-3,
,,,6.82400036,-140.0000006E-3,
,,,6.82800055,-168.00001264E-3,
,,,6.83200026,-120.0000048E-3,
,,,6.83600044,-156.00000322E-3,
,,,6.84000015,-156.00000322E-3,
,,,6.84400034,-112.0000035E-3,
,,,6.84800053,-104.0000021E-3,
,,,6.85200024,-48.00000042E-3,
,,,6.85600042,-12.0000001E-3,
,,,6.86000013,32.00000152E-3,
,,,6.86400032,80.000005662E-3,
,,,6.86800051,96.000000834E-3,
,,,6.87200022,120.0000048E-3,
,,,6.87600040,176.00001395E-3,
,,,6.88000011,176.00001395E-3,
,,,6.88400030,212.00001240E-3,
,,,6.88800049,232.00000823E-3,
,,,6.89200020,240.00000954E-3,
,,,6.89600039,228.00001502E-3,
,,,6.90000010,224.00000691E-3,
,,,6.90400028,212.00001240E-3,
,,,6.90800047,224.00000691E-3,
,,,6.91200018,204.00001109E-3,
,,,6.91600037,172.00000584E-3,
,,,6.92000055,120.0000048E-3,
,,,6.92400026,124.0000054E-3,
,,,6.92800045,64.000003040E-3,
,,,6.93200016,52.00000107E-3,
,,,6.93600035,8.000000380E-3,
,,,6.94000053,-24.00000021E-3,
,,,6.94400024,-24.00000021E-3,
,,,6.94800043,-96.000000834E-3,
,,,6.95200014,-80.000005662E-3,
,,,6.95600033,-84.000006318E-3,
,,,6.96000051,-124.0000054E-3,
,,,6.96400023,-108.0000028E-3,
,,,6.96800041,-92.000007629E-3,
,,,6.97200012,-144.0000087E-3,
,,,6.97600031,-84.000006318E-3,
,,,6.98000050,-116.0000041E-3,
,,,6.98400021,-108.0000028E-3,
,,,6.98800039,-104.0000021E-3,
,,,6.99200010,-84.000006318E-3,
,,,6.99600029,-84.000006318E-3,
,,,7.00000048,-48.00000042E-3,
,,,7.00400019,-60.000002384E-3,
,,,7.00800037,-16.0000008E-3,
,,,7.01200056,-4.00000019E-3,
,,,7.01600027,24.00000021E-3,
,,,7.02000046,56.000001729E-3,
,,,7.02400017,96.000000834E-3,
,,,7.02800035,104.0000021E-3,
,,,7.03200054,156.00000322E-3,
,,,7.03600025,172.00000584E-3,
,,,7.04000044,220.00001371E-3,
,,,7.04400015,232.00000823E-3,
,,,7.04800034,232.00000823E-3,
,,,7.05200052,240.00000954E-3,
,,,7.05600023,236.00001633E-3,
,,,7.06000042,220.00001371E-3,
,,,7.06400013,204.00001109E-3,
,,,7.06800032,208.00000429E-3,
,,,7.07200050,144.0000087E-3,
,,,7.07600021,164.00000453E-3,
,,,7.08000040,104.0000021E-3,
,,,7.08400011,88.000006974E-3,
,,,7.08800030,64.000003040E-3,
,,,7.09200048,20.0000014E-3,
,,,7.09600019,-4.00000019E-3,
,,,7.10000038,-28.00000086E-3,
,,,7.10400057,-80.000005662E-3,
,,,7.10800028,-76.000005007E-3,
,,,7.11200047,-112.0000035E-3,
,,,7.11600018,-112.0000035E-3,
,,,7.12000036,-131.9999993E-3,
,,,7.12400055,-136.0000074E-3,
,,,7.12800026,-152.00001001E-3,
,,,7.13200045,-160.00001132E-3,
,,,7.13600016,-168.00001264E-3,
,,,7.14000034,-156.00000322E-3,
,,,7.14400053,-136.0000074E-3,
,,,7.14800024,-172.00000584E-3,
,,,7.15200043,-128.0000061E-3,
,,,7.15600014,-120.0000048E-3,
,,,7.16000032,-108.0000028E-3,
,,,7.16400051,-76.000005007E-3,
,,,7.16800022,-56.000001729E-3,
,,,7.17200041,-20.0000014E-3,
,,,7.17600012,64.000003040E-3,
,,,7.18000031,48.00000042E-3,
,,,7.18400049,116.0000041E-3,
,,,7.18800020,152.00001001E-3,
,,,7.19200039,188.00000846E-3,
,,,7.19600058,220.00001371E-3,
,,,7.20000029,248.00001085E-3,
,,,7.20400047,236.00001633E-3,
,,,7.20800018,272.00001478E-3,
,,,7.21200037,280.00000119E-3,
,,,7.21600056,263.99999857E-3,
,,,7.22000027,252.00000405E-3,
,,,7.22400045,260.00002027E-3,
,,,7.22800016,212.00001240E-3,
,,,7.23200035,224.00000691E-3,
,,,7.23600054,156.00000322E-3,
,,,7.24000025,124.0000054E-3,
,,,7.24400043,96.000000834E-3,
,,,7.24800014,52.00000107E-3,
,,,7.25200033,24.00000021E-3,
,,,7.25600052,-20.0000014E-3,
,,,7.26000023,-16.0000008E-3,
,,,7.26400042,-60.000002384E-3,
,,,7.26800013,-76.000005007E-3,
,,,7.27200031,-108.0000028E-3,
,,,7.27600050,-100.0000015E-3,
,,,7.28000021,-160.00001132E-3,
,,,7.28400040,-152.00001001E-3,
,,,7.28800058,-152.00001001E-3,
,,,7.29200029,-176.00001395E-3,
,,,7.29600048,-164.00000453E-3,
,,,7.30000019,-124.0000054E-3,
,,,7.30400038,-172.00000584E-3,
,,,7.30800056,-124.0000054E-3,
,,,7.31200027,-148.0000019E-3,
,,,7.31600046,-96.000000834E-3,
,,,7.32000017,-104.0000021E-3,
,,,7.32400036,-84.000006318E-3,
,,,7.32800055,-44.00000349E-3,
,,,7.33200026,-20.0000014E-3,
,,,7.33600044,20.0000014E-3,
,,,7.34000015,48.00000042E-3,
,,,7.34400034,100.0000015E-3,
,,,7.34800053,108.0000028E-3,
,,,7.35200024,152.00001001E-3,
,,,7.35600042,164.00000453E-3,
,,,7.36000013,184.00001526E-3,
,,,7.36400032,232.00000823E-3,
,,,7.36800051,216.00000560E-3,
,,,7.37200022,200.00000298E-3,
,,,7.37600040,228.00001502E-3,
,,,7.38000011,184.00001526E-3,
,,,7.38400030,176.00001395E-3,
,,,7.38800049,172.00000584E-3,
,,,7.392000198,120.0000048E-3,
,,,7.396000385,116.0000041E-3,
,,,7.400000572,80.000005662E-3,
,,,7.404000282,24.00000021E-3,
,,,7.408000469,48.00000042E-3,
,,,7.412000179,16.0000008E-3,
,,,7.416000366,-24.00000021E-3,
,,,7.420000553,-32.00000152E-3,
,,,7.424000263,-52.00000107E-3,
,,,7.428000450,-64.000003040E-3,
,,,7.432000160,-40.00000283E-3,
,,,7.436000347,-100.0000015E-3,
,,,7.440000534,-80.000005662E-3,
,,,7.444000244,-80.000005662E-3,
,,,7.448000431,-92.000007629E-3,
,,,7.452000141,-88.000006974E-3,
,,,7.456000328,-108.0000028E-3,
,,,7.460000515,-108.0000028E-3,
,,,7.464000225,-120.0000048E-3,
,,,7.468000412,-104.0000021E-3,
,,,7.472000122,-108.0000028E-3,
,,,7.476000309,-80.000005662E-3,
,,,7.480000496,-108.0000028E-3,
,,,7.484000206,-64.000003040E-3,
,,,7.488000393,-64.000003040E-3,
,,,7.492000580,-24.00000021E-3,
,,,7.496000290,-16.0000008E-3,
,,,7.500000477,12.0000001E-3,
,,,7.504000187,20.0000014E-3,
,,,7.508000374,36.00000218E-3,
,,,7.512000561,32.00000152E-3,
,,,7.516000271,52.00000107E-3,
,,,7.520000458,44.00000349E-3,
,,,7.524000168,96.000000834E-3,
,,,7.528000355,60.000002384E-3,
,,,7.532000542,96.000000834E-3,
,,,7.536000252,64.000003040E-3,
,,,7.540000439,104.0000021E-3,
,,,7.544000149,88.000006974E-3,
,,,7.548000336,80.000005662E-3,
,,,7.552000523,76.000005007E-3,
,,,7.556000233,72.000004351E-3,
,,,7.560000420,52.00000107E-3,
,,,7.564000130,52.00000107E-3,
,,,7.568000317,40.00000283E-3,
,,,7.572000504,28.00000086E-3,
,,,7.576000214,44.00000349E-3,
,,,7.580000401,-20.0000014E-3,
,,,7.584000587,12.0000001E-3,
,,,7.588000298,-12.0000001E-3,
,,,7.592000484,-12.0000001E-3,
,,,7.596000195,-24.00000021E-3,
,,,7.600000381,-4.00000019E-3,
,,,7.604000568,-60.000002384E-3,
,,,7.608000278,-20.0000014E-3,
,,,7.612000465,-48.00000042E-3,
,,,7.616000175,-64.000003040E-3,
,,,7.620000362,-60.000002384E-3,
,,,7.624000549,-92.000007629E-3,
,,,7.628000259,-80.000005662E-3,
,,,7.632000446,-76.000005007E-3,
,,,7.636000156,-72.000004351E-3,
,,,7.640000343,-60.000002384E-3,
,,,7.644000530,-68.000003695E-3,
,,,7.648000240,-52.00000107E-3,
,,,7.652000427,-72.000004351E-3,
,,,7.656000137,-76.000005007E-3,
,,,7.660000324,-56.000001729E-3,
,,,7.664000511,-40.00000283E-3,
,,,7.668000221,-32.00000152E-3,
,,,7.672000408,-32.00000152E-3,
,,,7.676000595,-8.000000380E-3,
,,,7.680000305,-16.0000008E-3,
,,,7.684000492,16.0000008E-3,
,,,7.688000202,36.00000218E-3,
,,,7.692000389,16.0000008E-3,
,,,7.696000576,36.00000218E-3,
,,,7.700000286,64.000003040E-3,
,,,7.704000473,104.0000021E-3,
,,,7.708000183,108.0000028E-3,
,,,7.712000370,80.000005662E-3,
,,,7.716000557,104.0000021E-3,
,,,7.720000267,136.0000074E-3,
,,,7.724000454,120.0000048E-3,
,,,7.728000164,120.0000048E-3,
,,,7.732000351,144.0000087E-3,
,,,7.736000538,112.0000035E-3,
,,,7.740000248,131.9999993E-3,
,,,7.744000435,120.0000048E-3,
,,,7.748000145,96.000000834E-3,
,,,7.752000332,88.000006974E-3,
,,,7.756000519,80.000005662E-3,
,,,7.760000229,36.00000218E-3,
,,,7.764000416,0.0,
,,,7.768000603,-8.000000380E-3,
,,,7.772000313,-44.00000349E-3,
,,,7.776000500,-24.00000021E-3,
,,,7.780000210,-68.000003695E-3,
,,,7.784000397,-68.000003695E-3,
,,,7.788000584,-100.0000015E-3,
,,,7.792000294,-76.000005007E-3,
,,,7.796000481,-72.000004351E-3,
,,,7.800000191,-68.000003695E-3,
,,,7.804000378,-116.0000041E-3,
,,,7.808000565,-64.000003040E-3,
,,,7.812000275,-64.000003040E-3,
,,,7.816000462,-80.000005662E-3,
,,,7.820000172,-76.000005007E-3,
,,,7.824000359,-40.00000283E-3,
,,,7.828000546,-52.00000107E-3,
,,,7.832000256,-36.00000218E-3,
,,,7.836000443,-32.00000152E-3,
,,,7.840000153,-28.00000086E-3,
,,,7.844000340,-8.000000380E-3,
,,,7.848000526,12.0000001E-3,
,,,7.852000237,8.000000380E-3,
,,,7.856000423,24.00000021E-3,
,,,7.860000610,48.00000042E-3,
,,,7.864000320,32.00000152E-3,
,,,7.868000507,60.000002384E-3,
,,,7.872000217,72.000004351E-3,
,,,7.876000404,116.0000041E-3,
,,,7.880000591,100.0000015E-3,
,,,7.884000301,140.0000006E-3,
,,,7.888000488,120.0000048E-3,
,,,7.892000198,128.0000061E-3,
,,,7.896000385,131.9999993E-3,
,,,7.900000572,131.9999993E-3,
,,,7.904000282,96.000000834E-3,
,,,7.908000469,112.0000035E-3,
,,,7.912000179,84.000006318E-3,
,,,7.916000366,64.000003040E-3,
,,,7.920000553,36.00000218E-3,
,,,7.924000263,28.00000086E-3,
,,,7.928000450,4.00000019E-3,
,,,7.932000160,0.0,
,,,7.936000347,-40.00000283E-3,
,,,7.940000534,-8.000000380E-3,
,,,7.944000244,-40.00000283E-3,
,,,7.948000431,-68.000003695E-3,
,,,7.952000141,-56.000001729E-3,
,,,7.956000328,-48.00000042E-3,
,,,7.960000515,-96.000000834E-3,
,,,7.964000225,-84.000006318E-3,
,,,7.968000412,-80.000005662E-3,
,,,7.972000599,-88.000006974E-3,
,,,7.976000309,-80.000005662E-3,
,,,7.980000496,-100.0000015E-3,
,,,7.984000206,-84.000006318E-3,
,,,7.988000393,-76.000005007E-3,
,,,7.992000580,-56.000001729E-3,
,,,7.996000290,-48.00000042E-3,
,,,8.000000000,-44.00000349E-3,
,,,8.004000664,-48.00000042E-3,
,,,8.008000374,-8.000000380E-3,
,,,8.012000084,-4.00000019E-3,
,,,8.016000748,56.000001729E-3,
,,,8.020000458,44.00000349E-3,
,,,8.024000168,52.00000107E-3,
,,,8.028000832,64.000003040E-3,
,,,8.032000542,120.0000048E-3,
,,,8.036000252,88.000006974E-3,
,,,8.039999962,131.9999993E-3,
,,,8.044000626,140.0000006E-3,
,,,8.048000336,140.0000006E-3,
,,,8.052000046,184.00001526E-3,
,,,8.056000710,120.0000048E-3,
,,,8.060000420,131.9999993E-3,
,,,8.064000130,131.9999993E-3,
,,,8.068000793,116.0000041E-3,
,,,8.072000504,88.000006974E-3,
,,,8.076000214,84.000006318E-3,
,,,8.079999924,60.000002384E-3,
,,,8.084000587,64.000003040E-3,
,,,8.088000298,8.000000380E-3,
,,,8.092000008,20.0000014E-3,
,,,8.096000671,4.00000019E-3,
,,,8.100000381,12.0000001E-3,
,,,8.104000092,-24.00000021E-3,
,,,8.108000755,-16.0000008E-3,
,,,8.112000465,-36.00000218E-3,
,,,8.116000175,-12.0000001E-3,
,,,8.120000839,-16.0000008E-3,
,,,8.124000549,-12.0000001E-3,
,,,8.128000259,-32.00000152E-3,
,,,8.131999969,-28.00000086E-3,
,,,8.136000633,-36.00000218E-3,
,,,8.140000343,-12.0000001E-3,
,,,8.144000053,-32.00000152E-3,
,,,8.148000717,-28.00000086E-3,
,,,8.152000427,-32.00000152E-3,
,,,8.156000137,-48.00000042E-3,
,,,8.160000801,-32.00000152E-3,
,,,8.164000511,-40.00000283E-3,
,,,8.168000221,-36.00000218E-3,
,,,8.171999931,-32.00000152E-3,
,,,8.176000595,24.00000021E-3,
,,,8.180000305,-12.0000001E-3,
,,,8.184000015,44.00000349E-3,
,,,8.188000679,36.00000218E-3,
,,,8.192000389,52.00000107E-3,
,,,8.196000099,80.000005662E-3,
,,,8.200000763,84.000006318E-3,
,,,8.204000473,88.000006974E-3,
,,,8.208000183,131.9999993E-3,
,,,8.212000847,120.0000048E-3,
,,,8.216000557,108.0000028E-3,
,,,8.220000267,116.0000041E-3,
,,,8.223999977,104.0000021E-3,
,,,8.228000641,104.0000021E-3,
,,,8.232000351,112.0000035E-3,
,,,8.236000061,64.000003040E-3,
,,,8.240000725,92.000007629E-3,
,,,8.244000435,52.00000107E-3,
,,,8.248000145,64.000003040E-3,
,,,8.252000809,32.00000152E-3,
,,,8.256000519,8.000000380E-3,
,,,8.260000229,-8.000000380E-3,
,,,8.263999939,-16.0000008E-3,
,,,8.268000603,-48.00000042E-3,
,,,8.272000313,-28.00000086E-3,
,,,8.276000023,-48.00000042E-3,
,,,8.280000687,-100.0000015E-3,
,,,8.284000397,-60.000002384E-3,
,,,8.288000107,-96.000000834E-3,
,,,8.292000771,-80.000005662E-3,
,,,8.296000481,-104.0000021E-3,
,,,8.300000191,-104.0000021E-3,
,,,8.304000854,-116.0000041E-3,
,,,8.308000565,-64.000003040E-3,
,,,8.312000275,-100.0000015E-3,
,,,8.315999985,-60.000002384E-3,
,,,8.320000648,-48.00000042E-3,
,,,8.324000359,-52.00000107E-3,
,,,8.328000069,-24.00000021E-3,
,,,8.332000732,-16.0000008E-3,
,,,8.336000443,-12.0000001E-3,
,,,8.340000153,24.00000021E-3,
,,,8.344000816,32.00000152E-3,
,,,8.348000526,44.00000349E-3,
,,,8.352000237,72.000004351E-3,
,,,8.355999947,64.000003040E-3,
,,,8.360000610,80.000005662E-3,
,,,8.364000320,100.0000015E-3,
,,,8.368000031,104.0000021E-3,
,,,8.372000694,80.000005662E-3,
,,,8.376000404,108.0000028E-3,
,,,8.380000114,92.000007629E-3,
,,,8.384000778,112.0000035E-3,
,,,8.388000488,96.000000834E-3,
,,,8.392000198,72.000004351E-3,
,,,8.396000862,64.000003040E-3,
,,,8.400000572,68.000003695E-3,
,,,8.404000282,48.00000042E-3,
,,,8.407999992,60.000002384E-3,
,,,8.412000656,36.00000218E-3,
,,,8.416000366,60.000002384E-3,
,,,8.420000076,48.00000042E-3,
,,,8.424000740,64.000003040E-3,
,,,8.428000450,24.00000021E-3,
,,,8.432000160,28.00000086E-3,
,,,8.436000824,24.00000021E-3,
,,,8.440000534,8.000000380E-3,
,,,8.444000244,-8.000000380E-3,
,,,8.447999954,-20.0000014E-3,
,,,8.452000618,-20.0000014E-3,
,,,8.456000328,-48.00000042E-3,
,,,8.460000038,-64.000003040E-3,
,,,8.464000702,-68.000003695E-3,
,,,8.468000412,-56.000001729E-3,
,,,8.472000122,-80.000005662E-3,
,,,8.476000786,-48.00000042E-3,
,,,8.480000496,-80.000005662E-3,
,,,8.484000206,-36.00000218E-3,
,,,8.488000870,-64.000003040E-3,
,,,8.492000580,-8.000000380E-3,
,,,8.496000290,-16.0000008E-3,
,,,8.500000000,-4.00000019E-3,
,,,8.504000664,-4.00000019E-3,
,,,8.508000374,44.00000349E-3,
,,,8.512000084,-20.0000014E-3,
,,,8.516000748,40.00000283E-3,
,,,8.520000458,32.00000152E-3,
,,,8.524000168,40.00000283E-3,
,,,8.528000832,32.00000152E-3,
,,,8.532000542,48.00000042E-3,
,,,8.536000252,40.00000283E-3,
,,,8.539999962,84.000006318E-3,
,,,8.544000626,44.00000349E-3,
,,,8.548000336,92.000007629E-3,
,,,8.552000046,52.00000107E-3,
,,,8.556000710,64.000003040E-3,
,,,8.560000420,80.000005662E-3,
,,,8.564000130,60.000002384E-3,
,,,8.568000793,84.000006318E-3,
,,,8.572000504,48.00000042E-3,
,,,8.576000214,64.000003040E-3,
,,,8.580000877,24.00000021E-3,
,,,8.584000587,40.00000283E-3,
,,,8.588000298,16.0000008E-3,
,,,8.592000008,40.00000283E-3,
,,,8.596000671,4.00000019E-3,
,,,8.600000381,8.000000380E-3,
,,,8.604000092,-20.0000014E-3,
,,,8.608000755,-12.0000001E-3,
,,,8.612000465,-56.000001729E-3,
,,,8.616000175,-20.0000014E-3,
,,,8.620000839,-32.00000152E-3,
,,,8.624000549,-40.00000283E-3,
,,,8.628000259,-52.00000107E-3,
,,,8.631999969,-44.00000349E-3,
,,,8.636000633,-52.00000107E-3,
,,,8.640000343,-44.00000349E-3,
,,,8.644000053,-44.00000349E-3,
,,,8.648000717,-32.00000152E-3,
,,,8.652000427,-32.00000152E-3,
,,,8.656000137,-16.0000008E-3,
,,,8.660000801,-12.0000001E-3,
,,,8.664000511,0.0,
,,,8.668000221,20.0000014E-3,
,,,8.672000885,-12.0000001E-3,
,,,8.676000595,0.0,
,,,8.680000305,-16.0000008E-3,
,,,8.684000015,0.0,
,,,8.688000679,-4.00000019E-3,
,,,8.692000389,28.00000086E-3,
,,,8.696000099,12.0000001E-3,
,,,8.700000763,20.0000014E-3,
,,,8.704000473,52.00000107E-3,
,,,8.708000183,52.00000107E-3,
,,,8.712000847,32.00000152E-3,
,,,8.716000557,80.000005662E-3,
,,,8.720000267,84.000006318E-3,
,,,8.723999977,92.000007629E-3,
,,,8.728000641,80.000005662E-3,
,,,8.732000351,108.0000028E-3,
,,,8.736000061,100.0000015E-3,
,,,8.740000725,116.0000041E-3,
,,,8.744000435,96.000000834E-3,
,,,8.748000145,52.00000107E-3,
,,,8.752000809,72.000004351E-3,
,,,8.756000519,28.00000086E-3,
,,,8.760000229,28.00000086E-3,
,,,8.764000893,32.00000152E-3,
,,,8.768000603,-4.00000019E-3,
,,,8.772000313,4.00000019E-3,
,,,8.776000023,-4.00000019E-3,
,,,8.780000687,-40.00000283E-3,
,,,8.784000397,-12.0000001E-3,
,,,8.788000107,-48.00000042E-3,
,,,8.792000771,-12.0000001E-3,
,,,8.796000481,-36.00000218E-3,
,,,8.800000191,-16.0000008E-3,
,,,8.804000854,-28.00000086E-3,
,,,8.808000565,0.0,
,,,8.812000275,-12.0000001E-3,
,,,8.815999985,4.00000019E-3,
,,,8.820000648,-20.0000014E-3,
,,,8.824000359,8.000000380E-3,
,,,8.828000069,-40.00000283E-3,
,,,8.832000732,8.000000380E-3,
,,,8.836000443,-16.0000008E-3,
,,,8.840000153,0.0,
,,,8.844000816,-12.0000001E-3,
,,,8.848000526,-36.00000218E-3,
,,,8.852000237,-16.0000008E-3,
,,,8.855999947,16.0000008E-3,
,,,8.860000610,-4.00000019E-3,
,,,8.864000320,16.0000008E-3,
,,,8.868000031,20.0000014E-3,
,,,8.872000694,28.00000086E-3,
,,,8.876000404,36.00000218E-3,
,,,8.880000114,20.0000014E-3,
,,,8.884000778,40.00000283E-3,
,,,8.888000488,12.0000001E-3,
,,,8.892000198,40.00000283E-3,
,,,8.896000862,16.0000008E-3,
,,,8.900000572,44.00000349E-3,
,,,8.904000282,0.0,
,,,8.907999992,40.00000283E-3,
,,,8.912000656,0.0,
,,,8.916000366,12.0000001E-3,
,,,8.920000076,16.0000008E-3,
,,,8.924000740,8.000000380E-3,
,,,8.928000450,4.00000019E-3,
,,,8.932000160,16.0000008E-3,
,,,8.936000824,0.0,
,,,8.940000534,-8.000000380E-3,
,,,8.944000244,-12.0000001E-3,
,,,8.947999954,4.00000019E-3,
,,,8.952000618,0.0,
,,,8.956000328,-12.0000001E-3,
,,,8.960000038,8.000000380E-3,
,,,8.964000702,-8.000000380E-3,
,,,8.968000412,-24.00000021E-3,
,,,8.972000122,8.000000380E-3,
,,,8.976000786,-20.0000014E-3,
,,,8.980000496,-20.0000014E-3,
,,,8.984000206,-12.0000001E-3,
,,,8.988000870,-40.00000283E-3,
,,,8.992000580,16.0000008E-3,
,,,8.996000290,-36.00000218E-3,
,,,9.000000000,-4.00000019E-3,
,,,9.004000664,-12.0000001E-3,
,,,9.008000374,-16.0000008E-3,
,,,9.012000084,-28.00000086E-3,
,,,9.016000748,-8.000000380E-3,
,,,9.020000458,-20.0000014E-3,
,,,9.024000168,0.0,
,,,9.028000832,24.00000021E-3,
,,,9.032000542,4.00000019E-3,
,,,9.036000252,8.000000380E-3,
,,,9.039999962,24.00000021E-3,
,,,9.044000626,-12.0000001E-3,
,,,9.048000336,24.00000021E-3,
,,,9.052000046,24.00000021E-3,
,,,9.056000710,24.00000021E-3,
,,,9.060000420,32.00000152E-3,
,,,9.064000130,20.0000014E-3,
,,,9.068000793,-12.0000001E-3,
,,,9.072000504,8.000000380E-3,
,,,9.076000214,-12.0000001E-3,
,,,9.080000877,-4.00000019E-3,
,,,9.084000587,12.0000001E-3,
,,,9.088000298,-16.0000008E-3,
,,,9.092000008,24.00000021E-3,
,,,9.096000671,-12.0000001E-3,
,,,9.100000381,8.000000380E-3,
,,,9.104000092,40.00000283E-3,
,,,9.108000755,36.00000218E-3,
,,,9.112000465,8.000000380E-3,
,,,9.116000175,32.00000152E-3,
,,,9.120000839,0.0,
,,,9.124000549,40.00000283E-3,
,,,9.128000259,0.0,
,,,9.131999969,28.00000086E-3,
,,,9.136000633,12.0000001E-3,
,,,9.140000343,24.00000021E-3,
,,,9.144000053,28.00000086E-3,
,,,9.148000717,4.00000019E-3,
,,,9.152000427,0.0,
,,,9.156000137,0.0,
,,,9.160000801,-4.00000019E-3,
,,,9.164000511,-12.0000001E-3,
,,,9.168000221,-16.0000008E-3,
,,,9.172000885,-16.0000008E-3,
,,,9.176000595,-8.000000380E-3,
,,,9.180000305,-32.00000152E-3,
,,,9.184000015,-12.0000001E-3,
,,,9.188000679,-68.000003695E-3,
,,,9.192000389,0.0,
,,,9.196000099,-56.000001729E-3,
,,,9.200000763,-20.0000014E-3,
,,,9.204000473,-36.00000218E-3,
,,,9.208000183,-12.0000001E-3,
,,,9.212000847,-32.00000152E-3,
,,,9.216000557,0.0,
,,,9.220000267,-20.0000014E-3,
,,,9.223999977,4.00000019E-3,
,,,9.228000641,12.0000001E-3,
,,,9.232000351,-16.0000008E-3,
,,,9.236000061,0.0,
,,,9.240000725,-12.0000001E-3,
,,,9.244000435,12.0000001E-3,
,,,9.248000145,12.0000001E-3,
,,,9.252000809,4.00000019E-3,
,,,9.256000519,28.00000086E-3,
,,,9.260000229,32.00000152E-3,
,,,9.264000893,20.0000014E-3,
,,,9.268000603,32.00000152E-3,
,,,9.272000313,16.0000008E-3,
,,,9.276000023,20.0000014E-3,
,,,9.280000687,0.0,
,,,9.284000397,24.00000021E-3,
,,,9.288000107,-32.00000152E-3,
,,,9.292000771,8.000000380E-3,
,,,9.296000481,-24.00000021E-3,
,,,9.300000191,0.0,
,,,9.304000854,-16.0000008E-3,
,,,9.308000565,-36.00000218E-3,
,,,9.312000275,-28.00000086E-3,
,,,9.315999985,-36.00000218E-3,
,,,9.320000648,-32.00000152E-3,
,,,9.324000359,-24.00000021E-3,
,,,9.328000069,-36.00000218E-3,
,,,9.332000732,-28.00000086E-3,
,,,9.336000443,-36.00000218E-3,
,,,9.340000153,-12.0000001E-3,
,,,9.344000816,-20.0000014E-3,
,,,9.348000526,-20.0000014E-3,
,,,9.352000237,-52.00000107E-3,
,,,9.356000900,-16.0000008E-3,
,,,9.360000610,0.0,
,,,9.364000320,-12.0000001E-3,
,,,9.368000031,-16.0000008E-3,
,,,9.372000694,-24.00000021E-3,
,,,9.376000404,-16.0000008E-3,
,,,9.380000114,-8.000000380E-3,
,,,9.384000778,0.0,
,,,9.388000488,-12.0000001E-3,
,,,9.392000198,0.0,
,,,9.396000862,4.00000019E-3,
,,,9.400000572,16.0000008E-3,
,,,9.404000282,-32.00000152E-3,
,,,9.407999992,-24.00000021E-3,
,,,9.412000656,-4.00000019E-3,
,,,9.416000366,-8.000000380E-3,
,,,9.420000076,-8.000000380E-3,
,,,9.424000740,-8.000000380E-3,
,,,9.428000450,-12.0000001E-3,
,,,9.432000160,-16.0000008E-3,
,,,9.436000824,-28.00000086E-3,
,,,9.440000534,-36.00000218E-3,
,,,9.444000244,-24.00000021E-3,
,,,9.448000908,-12.0000001E-3,
,,,9.452000618,-28.00000086E-3,
,,,9.456000328,-312.00000644E-3,
,,,9.460000038,-312.00000644E-3,
,,,9.464000702,-312.00000644E-3,
,,,9.468000412,-312.00000644E-3,
,,,9.472000122,-312.00000644E-3,
,,,9.476000786,-312.00000644E-3,
,,,9.480000496,-312.00000644E-3,
,,,9.484000206,-312.00000644E-3,
,,,9.488000870,-312.00000644E-3,
,,,9.492000580,-312.00000644E-3,
,,,9.496000290,-312.00000644E-3,
,,,9.500000000,-312.00000644E-3,
,,,9.504000664,-312.00000644E-3,
,,,9.508000374,-312.00000644E-3,
,,,9.512000084,-312.00000644E-3,
,,,9.516000748,-312.00000644E-3,
,,,9.520000458,-312.00000644E-3,
,,,9.524000168,-312.00000644E-3,
,,,9.528000832,-312.00000644E-3,
,,,9.532000542,-312.00000644E-3,
,,,9.536000252,-312.00000644E-3,
,,,9.540000916,-312.00000644E-3,
,,,9.544000626,-312.00000644E-3,
,,,9.548000336,-312.00000644E-3,
,,,9.552000046,-312.00000644E-3,
,,,9.556000710,-312.00000644E-3,
,,,9.560000420,-312.00000644E-3,
,,,9.564000130,-312.00000644E-3,
,,,9.568000793,-312.00000644E-3,
,,,9.572000504,-312.00000644E-3,
,,,9.576000214,-312.00000644E-3,
,,,9.580000877,-312.00000644E-3,
,,,9.584000587,-312.00000644E-3,
,,,9.588000298,-312.00000644E-3,
,,,9.592000008,-312.00000644E-3,
,,,9.596000671,-312.00000644E-3,
,,,9.600000381,-312.00000644E-3,
,,,9.604000092,-312.00000644E-3,
,,,9.608000755,-312.00000644E-3,
,,,9.612000465,-312.00000644E-3,
,,,9.616000175,-312.00000644E-3,
,,,9.620000839,-312.00000644E-3,
,,,9.624000549,-312.00000644E-3,
,,,9.628000259,-312.00000644E-3,
,,,9.632000923,-312.00000644E-3,
,,,9.636000633,-312.00000644E-3,
,,,9.640000343,-312.00000644E-3,
,,,9.644000053,-312.00000644E-3,
,,,9.648000717,-312.00000644E-3,
,,,9.652000427,-312.00000644E-3,
,,,9.656000137,-312.00000644E-3,
,,,9.660000801,-312.00000644E-3,
,,,9.664000511,-312.00000644E-3,
,,,9.668000221,-312.00000644E-3,
,,,9.672000885,-312.00000644E-3,
,,,9.676000595,-312.00000644E-3,
,,,9.680000305,-312.00000644E-3,
,,,9.684000015,-312.00000644E-3,
,,,9.688000679,-312.00000644E-3,
,,,9.692000389,-312.00000644E-3,
,,,9.696000099,-312.00000644E-3,
,,,9.700000763,-312.00000644E-3,
,,,9.704000473,-312.00000644E-3,
,,,9.708000183,-312.00000644E-3,
,,,9.712000847,-312.00000644E-3,
,,,9.716000557,-312.00000644E-3,
,,,9.720000267,-312.00000644E-3,
,,,9.724000931,-312.00000644E-3,
,,,9.728000641,-312.00000644E-3,
,,,9.732000351,-312.00000644E-3,
,,,9.736000061,-312.00000644E-3,
,,,9.740000725,-312.00000644E-3,
,,,9.744000435,-312.00000644E-3,
,,,9.748000145,-312.00000644E-3,
,,,9.752000809,-312.00000644E-3,
,,,9.756000519,-312.00000644E-3,
,,,9.760000229,-312.00000644E-3,
,,,9.764000893,-312.00000644E-3,
,,,9.768000603,-312.00000644E-3,
,,,9.772000313,-312.00000644E-3,
,,,9.776000023,-312.00000644E-3,
,,,9.780000687,-312.00000644E-3,
,,,9.784000397,-312.00000644E-3,
,,,9.788000107,-312.00000644E-3,
,,,9.792000771,-312.00000644E-3,
,,,9.796000481,-312.00000644E-3,
,,,9.800000191,-312.00000644E-3,
,,,9.804000854,-312.00000644E-3,
,,,9.808000565,-312.00000644E-3,
,,,9.812000275,-312.00000644E-3,
,,,9.816000938,-312.00000644E-3,
,,,9.820000648,-312.00000644E-3,
,,,9.824000359,-312.00000644E-3,
,,,9.828000069,-312.00000644E-3,
,,,9.832000732,-312.00000644E-3,
,,,9.836000443,-312.00000644E-3,
,,,9.840000153,-312.00000644E-3,
,,,9.844000816,-312.00000644E-3,
,,,9.848000526,-312.00000644E-3,
,,,9.852000237,-312.00000644E-3,
,,,9.856000900,-312.00000644E-3,
,,,9.860000610,-312.00000644E-3,
,,,9.864000320,-312.00000644E-3,
,,,9.868000031,-312.00000644E-3,
,,,9.872000694,-312.00000644E-3,
,,,9.876000404,-312.00000644E-3,
,,,9.880000114,-312.00000644E-3,
,,,9.884000778,-312.00000644E-3,
,,,9.888000488,-312.00000644E-3,
,,,9.892000198,-312.00000644E-3,
,,,9.896000862,-312.00000644E-3,
,,,9.900000572,-312.00000644E-3,
,,,9.904000282,-312.00000644E-3,
,,,9.908000946,-312.00000644E-3,
,,,9.912000656,-312.00000644E-3,
,,,9.916000366,-312.00000644E-3,
,,,9.920000076,-312.00000644E-3,
,,,9.924000740,-312.00000644E-3,
,,,9.928000450,-312.00000644E-3,
,,,9.932000160,-312.00000644E-3,
,,,9.936000824,-312.00000644E-3,
,,,9.940000534,-312.00000644E-3,
,,,9.944000244,-312.00000644E-3,
,,,9.948000908,-312.00000644E-3,
,,,9.952000618,-312.00000644E-3,
,,,9.956000328,-312.00000644E-3,
,,,9.960000038,-312.00000644E-3,
,,,9.964000702,-312.00000644E-3,
,,,9.968000412,-312.00000644E-3,
,,,9.972000122,-312.00000644E-3,
,,,9.976000786,-312.00000644E-3,
,,,9.980000496,-312.00000644E-3,
,,,9.984000206,-312.00000644E-3,
,,,9.988000870,-312.00000644E-3,
,,,9.992000580,-312.00000644E-3,
,,,9.996000290,-312.00000644E-3,
