,,,,
Two People Whistling,,,,
Record Length,2500,Points,-0.23,-0.1
Sample Interval,0.0002,s,-0.2298,0.22
Trigger Point,1150.00005,Samples,-0.2296,0.2
,,,-0.2294,-0.08
,,,-0.2292,-0.32
,,,-0.229,-0.02
Source,CH1,,-0.2288,0.28
Vertical Units,Volts,,-0.2286,0.22
Vertical Scale,5.00E-01,,-0.2284,-0.16
Vertical Offset,0,,-0.2282,-0.18
Horizontal Units,s,,-0.228,0.04
Horizontal Scale,5.00E-02,,-0.2278,0.16
Pt Fmt,Y,,-0.2276,0.14
Yzero,0,,-0.2274,-0.12
Probe Atten,10,,-0.2272,-0.18
,,,-0.227,-0.1
Note,TBS 1052B - 10:52:36 AM   6/15/2021,,-0.2268,0.28
,,,-0.2266,0.22
,,,-0.2264,-0.12
,,,-0.2262,-0.3
,,,-0.226,0.04
,,,-0.2258,0.32
,,,-0.2256,0.1
,,,-0.2254,-0.18
,,,-0.2252,-0.24
,,,-0.225,0.08
,,,-0.2248,0.18
,,,-0.2246,0.16
,,,-0.2244,-0.12
,,,-0.2242,-0.16
,,,-0.224,-0.06
,,,-0.2238,0.28
,,,-0.2236,0.22
,,,-0.2234,-0.16
,,,-0.2232,-0.32
,,,-0.223,0.06
,,,-0.2228,0.38
,,,-0.2226,0.06
,,,-0.2224,-0.18
,,,-0.2222,-0.24
,,,-0.222,0.08
,,,-0.2218,0.22
,,,-0.2216,0.16
,,,-0.2214,-0.14
,,,-0.2212,-0.24
,,,-0.221,-0.04
,,,-0.2208,0.34
,,,-0.2206,0.24
,,,-0.2204,-0.26
,,,-0.2202,-0.3
,,,-0.22,0.04
,,,-0.2198,0.36
,,,-0.2196,0.1
,,,-0.2194,-0.18
,,,-0.2192,-0.24
,,,-0.219,0.06
,,,-0.2188,0.26
,,,-0.2186,0.22
,,,-0.2184,-0.16
,,,-0.2182,-0.34
,,,-0.218,0.02
,,,-0.2178,0.38
,,,-0.2176,0.26
,,,-0.2174,-0.3
,,,-0.2172,-0.38
,,,-0.217,0.02
,,,-0.2168,0.42
,,,-0.2166,0.2
,,,-0.2164,-0.16
,,,-0.2162,-0.32
,,,-0.216,-0.02
,,,-0.2158,0.34
,,,-0.2156,0.26
,,,-0.2154,-0.16
,,,-0.2152,-0.44
,,,-0.215,-0.02
,,,-0.2148,0.4
,,,-0.2146,0.3
,,,-0.2144,-0.28
,,,-0.2142,-0.36
,,,-0.214,0.04
,,,-0.2138,0.46
,,,-0.2136,0.18
,,,-0.2134,-0.18
,,,-0.2132,-0.32
,,,-0.213,-0.08
,,,-0.2128,0.34
,,,-0.2126,0.3
,,,-0.2124,-0.14
,,,-0.2122,-0.48
,,,-0.212,-0.08
,,,-0.2118,0.42
,,,-0.2116,0.36
,,,-0.2114,-0.3
,,,-0.2112,-0.38
,,,-0.211,0
,,,-0.2108,0.42
,,,-0.2106,0.22
,,,-0.2104,-0.18
,,,-0.2102,-0.34
,,,-0.21,-0.12
,,,-0.2098,0.34
,,,-0.2096,0.34
,,,-0.2094,-0.12
,,,-0.2092,-0.5
,,,-0.209,-0.04
,,,-0.2088,0.44
,,,-0.2086,0.36
,,,-0.2084,-0.3
,,,-0.2082,-0.4
,,,-0.208,0.02
,,,-0.2078,0.4
,,,-0.2076,0.28
,,,-0.2074,-0.18
,,,-0.2072,-0.38
,,,-0.207,-0.14
,,,-0.2068,0.38
,,,-0.2066,0.36
,,,-0.2064,-0.14
,,,-0.2062,-0.5
,,,-0.206,-0.02
,,,-0.2058,0.46
,,,-0.2056,0.36
,,,-0.2054,-0.28
,,,-0.2052,-0.42
,,,-0.205,0
,,,-0.2048,0.32
,,,-0.2046,0.32
,,,-0.2044,-0.16
,,,-0.2042,-0.38
,,,-0.204,-0.22
,,,-0.2038,0.38
,,,-0.2036,0.42
,,,-0.2034,-0.12
,,,-0.2032,-0.5
,,,-0.203,-0.06
,,,-0.2028,0.44
,,,-0.2026,0.28
,,,-0.2024,-0.2
,,,-0.2022,-0.42
,,,-0.202,-0.04
,,,-0.2018,0.26
,,,-0.2016,0.38
,,,-0.2014,-0.12
,,,-0.2012,-0.38
,,,-0.201,-0.16
,,,-0.2008,0.42
,,,-0.2006,0.44
,,,-0.2004,-0.14
,,,-0.2002,-0.5
,,,-0.2,-0.06
,,,-0.1998,0.48
,,,-0.1996,0.28
,,,-0.1994,-0.2
,,,-0.1992,-0.42
,,,-0.199,-0.02
,,,-0.1988,0.32
,,,-0.1986,0.38
,,,-0.1984,-0.14
,,,-0.1982,-0.42
,,,-0.198,-0.14
,,,-0.1978,0.42
,,,-0.1976,0.42
,,,-0.1974,-0.28
,,,-0.1972,-0.46
,,,-0.197,-0.04
,,,-0.1968,0.46
,,,-0.1966,0.26
,,,-0.1964,-0.18
,,,-0.1962,-0.4
,,,-0.196,-0.08
,,,-0.1958,0.34
,,,-0.1956,0.42
,,,-0.1954,-0.12
,,,-0.1952,-0.52
,,,-0.195,-0.12
,,,-0.1948,0.42
,,,-0.1946,0.4
,,,-0.1944,-0.28
,,,-0.1942,-0.46
,,,-0.194,-0.06
,,,-0.1938,0.44
,,,-0.1936,0.28
,,,-0.1934,-0.14
,,,-0.1932,-0.4
,,,-0.193,-0.1
,,,-0.1928,0.38
,,,-0.1926,0.38
,,,-0.1924,-0.12
,,,-0.1922,-0.54
,,,-0.192,-0.08
,,,-0.1918,0.42
,,,-0.1916,0.4
,,,-0.1914,-0.24
,,,-0.1912,-0.4
,,,-0.191,0
,,,-0.1908,0.38
,,,-0.1906,0.24
,,,-0.1904,-0.16
,,,-0.1902,-0.32
,,,-0.19,-0.18
,,,-0.1898,0.34
,,,-0.1896,0.38
,,,-0.1894,-0.1
,,,-0.1892,-0.48
,,,-0.189,-0.06
,,,-0.1888,0.42
,,,-0.1886,0.32
,,,-0.1884,-0.18
,,,-0.1882,-0.34
,,,-0.188,-0.02
,,,-0.1878,0.28
,,,-0.1876,0.28
,,,-0.1874,-0.12
,,,-0.1872,-0.32
,,,-0.187,-0.14
,,,-0.1868,0.32
,,,-0.1866,0.28
,,,-0.1864,-0.1
,,,-0.1862,-0.38
,,,-0.186,-0.04
,,,-0.1858,0.38
,,,-0.1856,0.22
,,,-0.1854,-0.16
,,,-0.1852,-0.3
,,,-0.185,0.06
,,,-0.1848,0.22
,,,-0.1846,0.24
,,,-0.1844,-0.1
,,,-0.1842,-0.26
,,,-0.184,-0.14
,,,-0.1838,0.3
,,,-0.1836,0.3
,,,-0.1834,-0.12
,,,-0.1832,-0.34
,,,-0.183,-0.02
,,,-0.1828,0.3
,,,-0.1826,0.14
,,,-0.1824,-0.14
,,,-0.1822,-0.28
,,,-0.182,0.02
,,,-0.1818,0.2
,,,-0.1816,0.24
,,,-0.1814,-0.1
,,,-0.1812,-0.24
,,,-0.181,-0.12
,,,-0.1808,0.3
,,,-0.1806,0.3
,,,-0.1804,-0.16
,,,-0.1802,-0.36
,,,-0.18,-0.04
,,,-0.1798,0.32
,,,-0.1796,0.16
,,,-0.1794,-0.14
,,,-0.1792,-0.26
,,,-0.179,0
,,,-0.1788,0.18
,,,-0.1786,0.24
,,,-0.1784,-0.06
,,,-0.1782,-0.28
,,,-0.178,-0.12
,,,-0.1778,0.28
,,,-0.1776,0.28
,,,-0.1774,-0.18
,,,-0.1772,-0.32
,,,-0.177,-0.02
,,,-0.1768,0.32
,,,-0.1766,0.14
,,,-0.1764,-0.12
,,,-0.1762,-0.26
,,,-0.176,-0.02
,,,-0.1758,0.18
,,,-0.1756,0.24
,,,-0.1754,-0.06
,,,-0.1752,-0.34
,,,-0.175,-0.12
,,,-0.1748,0.3
,,,-0.1746,0.32
,,,-0.1744,-0.24
,,,-0.1742,-0.32
,,,-0.174,0
,,,-0.1738,0.32
,,,-0.1736,0.16
,,,-0.1734,-0.12
,,,-0.1732,-0.22
,,,-0.173,-0.04
,,,-0.1728,0.2
,,,-0.1726,0.26
,,,-0.1724,-0.06
,,,-0.1722,-0.38
,,,-0.172,-0.08
,,,-0.1718,0.3
,,,-0.1716,0.28
,,,-0.1714,-0.18
,,,-0.1712,-0.26
,,,-0.171,0
,,,-0.1708,0.26
,,,-0.1706,0.18
,,,-0.1704,-0.1
,,,-0.1702,-0.22
,,,-0.17,-0.12
,,,-0.1698,0.2
,,,-0.1696,0.22
,,,-0.1694,-0.02
,,,-0.1692,-0.36
,,,-0.169,-0.06
,,,-0.1688,0.26
,,,-0.1686,0.28
,,,-0.1684,-0.12
,,,-0.1682,-0.26
,,,-0.168,-0.02
,,,-0.1678,0.18
,,,-0.1676,0.2
,,,-0.1674,-0.02
,,,-0.1672,-0.18
,,,-0.167,-0.22
,,,-0.1668,0.16
,,,-0.1666,0.28
,,,-0.1664,0.02
,,,-0.1662,-0.3
,,,-0.166,-0.08
,,,-0.1658,0.2
,,,-0.1656,0.22
,,,-0.1654,-0.08
,,,-0.1652,-0.18
,,,-0.165,-0.04
,,,-0.1648,0.1
,,,-0.1646,0.22
,,,-0.1644,0.04
,,,-0.1642,-0.18
,,,-0.164,-0.22
,,,-0.1638,0.16
,,,-0.1636,0.28
,,,-0.1634,0.04
,,,-0.1632,-0.24
,,,-0.163,-0.1
,,,-0.1628,0.2
,,,-0.1626,0.12
,,,-0.1624,-0.02
,,,-0.1622,-0.18
,,,-0.162,-0.04
,,,-0.1618,0.04
,,,-0.1616,0.2
,,,-0.1614,0.04
,,,-0.1612,-0.14
,,,-0.161,-0.16
,,,-0.1608,0.16
,,,-0.1606,0.24
,,,-0.1604,0
,,,-0.1602,-0.2
,,,-0.16,-0.1
,,,-0.1598,0.18
,,,-0.1596,0.06
,,,-0.1594,0
,,,-0.1592,-0.12
,,,-0.159,-0.06
,,,-0.1588,0
,,,-0.1586,0.18
,,,-0.1584,0.08
,,,-0.1582,-0.12
,,,-0.158,-0.2
,,,-0.1578,0.06
,,,-0.1576,0.26
,,,-0.1574,0
,,,-0.1572,-0.18
,,,-0.157,-0.14
,,,-0.1568,0.12
,,,-0.1566,0.08
,,,-0.1564,0.08
,,,-0.1562,-0.14
,,,-0.156,-0.1
,,,-0.1558,0.02
,,,-0.1556,0.24
,,,-0.1554,0.1
,,,-0.1552,-0.22
,,,-0.155,-0.2
,,,-0.1548,0.1
,,,-0.1546,0.28
,,,-0.1544,-0.02
,,,-0.1542,-0.18
,,,-0.154,-0.12
,,,-0.1538,0.12
,,,-0.1536,0.12
,,,-0.1534,0.1
,,,-0.1532,-0.1
,,,-0.153,-0.16
,,,-0.1528,-0.06
,,,-0.1526,0.22
,,,-0.1524,0.2
,,,-0.1522,-0.18
,,,-0.152,-0.22
,,,-0.1518,0.02
,,,-0.1516,0.28
,,,-0.1514,0.12
,,,-0.1512,-0.12
,,,-0.151,-0.22
,,,-0.1508,0
,,,-0.1506,0.2
,,,-0.1504,0.24
,,,-0.1502,-0.06
,,,-0.15,-0.3
,,,-0.1498,-0.08
,,,-0.1496,0.28
,,,-0.1494,0.28
,,,-0.1492,-0.24
,,,-0.149,-0.3
,,,-0.1488,-0.02
,,,-0.1486,0.3
,,,-0.1484,0.16
,,,-0.1482,-0.1
,,,-0.148,-0.18
,,,-0.1478,-0.06
,,,-0.1476,0.16
,,,-0.1474,0.24
,,,-0.1472,-0.04
,,,-0.147,-0.36
,,,-0.1468,-0.12
,,,-0.1466,0.24
,,,-0.1464,0.32
,,,-0.1462,-0.16
,,,-0.146,-0.28
,,,-0.1458,-0.08
,,,-0.1456,0.26
,,,-0.1454,0.2
,,,-0.1452,0
,,,-0.145,-0.26
,,,-0.1448,-0.16
,,,-0.1446,0.2
,,,-0.1444,0.32
,,,-0.1442,0.02
,,,-0.144,-0.4
,,,-0.1438,-0.16
,,,-0.1436,0.28
,,,-0.1434,0.4
,,,-0.1432,-0.12
,,,-0.143,-0.32
,,,-0.1428,-0.1
,,,-0.1426,0.24
,,,-0.1424,0.26
,,,-0.1422,-0.06
,,,-0.142,-0.26
,,,-0.1418,-0.2
,,,-0.1416,0.24
,,,-0.1414,0.32
,,,-0.1412,-0.02
,,,-0.141,-0.42
,,,-0.1408,-0.14
,,,-0.1406,0.28
,,,-0.1404,0.34
,,,-0.1402,-0.12
,,,-0.14,-0.28
,,,-0.1398,-0.1
,,,-0.1396,0.18
,,,-0.1394,0.28
,,,-0.1392,0.02
,,,-0.139,-0.26
,,,-0.1388,-0.28
,,,-0.1386,0.22
,,,-0.1384,0.36
,,,-0.1382,0
,,,-0.138,-0.42
,,,-0.1378,-0.18
,,,-0.1376,0.32
,,,-0.1374,0.34
,,,-0.1372,-0.08
,,,-0.137,-0.32
,,,-0.1368,-0.1
,,,-0.1366,0.16
,,,-0.1364,0.36
,,,-0.1362,0.02
,,,-0.136,-0.34
,,,-0.1358,-0.24
,,,-0.1356,0.3
,,,-0.1354,0.4
,,,-0.1352,-0.06
,,,-0.135,-0.42
,,,-0.1348,-0.14
,,,-0.1346,0.34
,,,-0.1344,0.3
,,,-0.1342,-0.08
,,,-0.134,-0.36
,,,-0.1338,-0.12
,,,-0.1336,0.22
,,,-0.1334,0.42
,,,-0.1332,-0.02
,,,-0.133,-0.38
,,,-0.1328,-0.24
,,,-0.1326,0.36
,,,-0.1324,0.48
,,,-0.1322,-0.18
,,,-0.132,-0.46
,,,-0.1318,-0.16
,,,-0.1316,0.4
,,,-0.1314,0.3
,,,-0.1312,-0.08
,,,-0.131,-0.42
,,,-0.1308,-0.14
,,,-0.1306,0.28
,,,-0.1304,0.44
,,,-0.1302,-0.08
,,,-0.13,-0.5
,,,-0.1298,-0.2
,,,-0.1296,0.38
,,,-0.1294,0.5
,,,-0.1292,-0.18
,,,-0.129,-0.48
,,,-0.1288,-0.16
,,,-0.1286,0.38
,,,-0.1284,0.36
,,,-0.1282,-0.08
,,,-0.128,-0.4
,,,-0.1278,-0.22
,,,-0.1276,0.3
,,,-0.1274,0.5
,,,-0.1272,0
,,,-0.127,-0.58
,,,-0.1268,-0.24
,,,-0.1266,0.38
,,,-0.1264,0.52
,,,-0.1262,-0.14
,,,-0.126,-0.46
,,,-0.1258,-0.16
,,,-0.1256,0.36
,,,-0.1254,0.42
,,,-0.1252,-0.04
,,,-0.125,-0.44
,,,-0.1248,-0.3
,,,-0.1246,0.32
,,,-0.1244,0.56
,,,-0.1242,-0.04
,,,-0.124,-0.56
,,,-0.1238,-0.22
,,,-0.1236,0.42
,,,-0.1234,0.52
,,,-0.1232,-0.12
,,,-0.123,-0.5
,,,-0.1228,-0.22
,,,-0.1226,0.34
,,,-0.1224,0.48
,,,-0.1222,-0.06
,,,-0.122,-0.46
,,,-0.1218,-0.34
,,,-0.1216,0.36
,,,-0.1214,0.56
,,,-0.1212,-0.02
,,,-0.121,-0.62
,,,-0.1208,-0.24
,,,-0.1206,0.42
,,,-0.1204,0.52
,,,-0.1202,-0.12
,,,-0.12,-0.52
,,,-0.1198,-0.18
,,,-0.1196,0.26
,,,-0.1194,0.52
,,,-0.1192,0
,,,-0.119,-0.48
,,,-0.1188,-0.36
,,,-0.1186,0.38
,,,-0.1184,0.58
,,,-0.1182,-0.02
,,,-0.118,-0.6
,,,-0.1178,-0.2
,,,-0.1176,0.42
,,,-0.1174,0.48
,,,-0.1172,-0.12
,,,-0.117,-0.5
,,,-0.1168,-0.16
,,,-0.1166,0.28
,,,-0.1164,0.46
,,,-0.1162,-0.04
,,,-0.116,-0.48
,,,-0.1158,-0.28
,,,-0.1156,0.4
,,,-0.1154,0.52
,,,-0.1152,-0.1
,,,-0.115,-0.58
,,,-0.1148,-0.14
,,,-0.1146,0.48
,,,-0.1144,0.34
,,,-0.1142,-0.18
,,,-0.114,-0.46
,,,-0.1138,-0.08
,,,-0.1136,0.3
,,,-0.1134,0.4
,,,-0.1132,-0.1
,,,-0.113,-0.42
,,,-0.1128,-0.22
,,,-0.1126,0.42
,,,-0.1124,0.5
,,,-0.1122,-0.14
,,,-0.112,-0.52
,,,-0.1118,-0.14
,,,-0.1116,0.46
,,,-0.1114,0.36
,,,-0.1112,-0.14
,,,-0.111,-0.48
,,,-0.1108,-0.12
,,,-0.1106,0.34
,,,-0.1104,0.46
,,,-0.1102,-0.12
,,,-0.11,-0.52
,,,-0.1098,-0.18
,,,-0.1096,0.48
,,,-0.1094,0.5
,,,-0.1092,-0.28
,,,-0.109,-0.56
,,,-0.1088,-0.14
,,,-0.1086,0.52
,,,-0.1084,0.32
,,,-0.1082,-0.2
,,,-0.108,-0.44
,,,-0.1078,-0.06
,,,-0.1076,0.36
,,,-0.1074,0.42
,,,-0.1072,-0.12
,,,-0.107,-0.54
,,,-0.1068,-0.14
,,,-0.1066,0.46
,,,-0.1064,0.48
,,,-0.1062,-0.32
,,,-0.106,-0.5
,,,-0.1058,-0.08
,,,-0.1056,0.54
,,,-0.1054,0.32
,,,-0.1052,-0.24
,,,-0.105,-0.48
,,,-0.1048,-0.06
,,,-0.1046,0.4
,,,-0.1044,0.4
,,,-0.1042,-0.18
,,,-0.104,-0.6
,,,-0.1038,-0.06
,,,-0.1036,0.5
,,,-0.1034,0.42
,,,-0.1032,-0.32
,,,-0.103,-0.48
,,,-0.1028,0.02
,,,-0.1026,0.46
,,,-0.1024,0.28
,,,-0.1022,-0.18
,,,-0.102,-0.4
,,,-0.1018,-0.12
,,,-0.1016,0.4
,,,-0.1014,0.34
,,,-0.1012,-0.16
,,,-0.101,-0.56
,,,-0.1008,-0.04
,,,-0.1006,0.5
,,,-0.1004,0.38
,,,-0.1002,-0.3
,,,-0.1,-0.42
,,,-0.0998,0.06
,,,-0.0996,0.36
,,,-0.0994,0.26
,,,-0.0992,-0.22
,,,-0.099,-0.36
,,,-0.0988,-0.12
,,,-0.0986,0.4
,,,-0.0984,0.36
,,,-0.0982,-0.18
,,,-0.098,-0.48
,,,-0.0978,0.02
,,,-0.0976,0.44
,,,-0.0974,0.28
,,,-0.0972,-0.26
,,,-0.097,-0.36
,,,-0.0968,0.06
,,,-0.0966,0.3
,,,-0.0964,0.28
,,,-0.0962,-0.18
,,,-0.096,-0.32
,,,-0.0958,-0.12
,,,-0.0956,0.36
,,,-0.0954,0.3
,,,-0.0952,-0.14
,,,-0.095,-0.44
,,,-0.0948,-0.02
,,,-0.0946,0.42
,,,-0.0944,0.24
,,,-0.0942,-0.24
,,,-0.094,-0.38
,,,-0.0938,0.04
,,,-0.0936,0.28
,,,-0.0934,0.24
,,,-0.0932,-0.16
,,,-0.093,-0.32
,,,-0.0928,-0.1
,,,-0.0926,0.4
,,,-0.0924,0.34
,,,-0.0922,-0.22
,,,-0.092,-0.44
,,,-0.0918,0.02
,,,-0.0916,0.46
,,,-0.0914,0.18
,,,-0.0912,-0.26
,,,-0.091,-0.32
,,,-0.0908,0.08
,,,-0.0906,0.28
,,,-0.0904,0.22
,,,-0.0902,-0.16
,,,-0.09,-0.28
,,,-0.0898,-0.06
,,,-0.0896,0.38
,,,-0.0894,0.26
,,,-0.0892,-0.28
,,,-0.089,-0.38
,,,-0.0888,0.06
,,,-0.0886,0.42
,,,-0.0884,0.1
,,,-0.0882,-0.24
,,,-0.088,-0.3
,,,-0.0878,0.08
,,,-0.0876,0.28
,,,-0.0874,0.22
,,,-0.0872,-0.18
,,,-0.087,-0.32
,,,-0.0868,-0.02
,,,-0.0866,0.36
,,,-0.0864,0.28
,,,-0.0862,-0.32
,,,-0.086,-0.32
,,,-0.0858,0.08
,,,-0.0856,0.38
,,,-0.0854,0.08
,,,-0.0852,-0.22
,,,-0.085,-0.24
,,,-0.0848,0.08
,,,-0.0846,0.24
,,,-0.0844,0.2
,,,-0.0842,-0.12
,,,-0.084,-0.3
,,,-0.0838,0
,,,-0.0836,0.32
,,,-0.0834,0.24
,,,-0.0832,-0.28
,,,-0.083,-0.26
,,,-0.0828,0.06
,,,-0.0826,0.32
,,,-0.0824,0.1
,,,-0.0822,-0.12
,,,-0.082,-0.22
,,,-0.0818,0.06
,,,-0.0816,0.18
,,,-0.0814,0.2
,,,-0.0812,-0.06
,,,-0.081,-0.3
,,,-0.0808,-0.06
,,,-0.0806,0.28
,,,-0.0804,0.24
,,,-0.0802,-0.2
,,,-0.08,-0.24
,,,-0.0798,0.02
,,,-0.0796,0.24
,,,-0.0794,0.12
,,,-0.0792,-0.08
,,,-0.079,-0.18
,,,-0.0788,-0.12
,,,-0.0786,0.14
,,,-0.0784,0.2
,,,-0.0782,0.02
,,,-0.078,-0.3
,,,-0.0778,-0.1
,,,-0.0776,0.22
,,,-0.0774,0.28
,,,-0.0772,-0.12
,,,-0.077,-0.24
,,,-0.0768,-0.04
,,,-0.0766,0.18
,,,-0.0764,0.14
,,,-0.0762,-0.02
,,,-0.076,-0.16
,,,-0.0758,-0.16
,,,-0.0756,0.18
,,,-0.0754,0.24
,,,-0.0752,0.02
,,,-0.075,-0.3
,,,-0.0748,-0.1
,,,-0.0746,0.18
,,,-0.0744,0.24
,,,-0.0742,-0.06
,,,-0.074,-0.2
,,,-0.0738,-0.08
,,,-0.0736,0.06
,,,-0.0734,0.18
,,,-0.0732,0.06
,,,-0.073,-0.1
,,,-0.0728,-0.22
,,,-0.0726,0.06
,,,-0.0724,0.26
,,,-0.0722,0.12
,,,-0.072,-0.22
,,,-0.0718,-0.14
,,,-0.0716,0.08
,,,-0.0714,0.2
,,,-0.0712,0.04
,,,-0.071,-0.1
,,,-0.0708,-0.12
,,,-0.0706,-0.06
,,,-0.0704,0.22
,,,-0.0702,0.16
,,,-0.07,-0.1
,,,-0.0698,-0.26
,,,-0.0696,-0.02
,,,-0.0694,0.3
,,,-0.0692,0.14
,,,-0.069,-0.2
,,,-0.0688,-0.16
,,,-0.0686,0.06
,,,-0.0684,0.16
,,,-0.0682,0.14
,,,-0.068,-0.08
,,,-0.0678,-0.16
,,,-0.0676,-0.1
,,,-0.0674,0.26
,,,-0.0672,0.2
,,,-0.067,-0.1
,,,-0.0668,-0.28
,,,-0.0666,0.02
,,,-0.0664,0.3
,,,-0.0662,0.1
,,,-0.066,-0.18
,,,-0.0658,-0.22
,,,-0.0656,0.06
,,,-0.0654,0.16
,,,-0.0652,0.16
,,,-0.065,-0.12
,,,-0.0648,-0.2
,,,-0.0646,-0.1
,,,-0.0644,0.28
,,,-0.0642,0.3
,,,-0.064,-0.14
,,,-0.0638,-0.32
,,,-0.0636,0
,,,-0.0634,0.36
,,,-0.0632,0.1
,,,-0.063,-0.14
,,,-0.0628,-0.22
,,,-0.0626,0.02
,,,-0.0624,0.16
,,,-0.0622,0.22
,,,-0.062,-0.08
,,,-0.0618,-0.24
,,,-0.0616,-0.12
,,,-0.0614,0.3
,,,-0.0612,0.32
,,,-0.061,-0.18
,,,-0.0608,-0.34
,,,-0.0606,-0.04
,,,-0.0604,0.34
,,,-0.0602,0.16
,,,-0.06,-0.14
,,,-0.0598,-0.26
,,,-0.0596,-0.06
,,,-0.0594,0.24
,,,-0.0592,0.32
,,,-0.059,-0.06
,,,-0.0588,-0.38
,,,-0.0586,-0.14
,,,-0.0584,0.34
,,,-0.0582,0.38
,,,-0.058,-0.22
,,,-0.0578,-0.4
,,,-0.0576,-0.08
,,,-0.0574,0.4
,,,-0.0572,0.24
,,,-0.057,-0.12
,,,-0.0568,-0.34
,,,-0.0566,-0.06
,,,-0.0564,0.28
,,,-0.0562,0.34
,,,-0.056,-0.12
,,,-0.0558,-0.46
,,,-0.0556,-0.12
,,,-0.0554,0.38
,,,-0.0552,0.4
,,,-0.055,-0.26
,,,-0.0548,-0.42
,,,-0.0546,-0.08
,,,-0.0544,0.4
,,,-0.0542,0.28
,,,-0.054,-0.14
,,,-0.0538,-0.38
,,,-0.0536,-0.14
,,,-0.0534,0.36
,,,-0.0532,0.38
,,,-0.053,-0.12
,,,-0.0528,-0.54
,,,-0.0526,-0.12
,,,-0.0524,0.44
,,,-0.0522,0.42
,,,-0.052,-0.28
,,,-0.0518,-0.46
,,,-0.0516,-0.06
,,,-0.0514,0.42
,,,-0.0512,0.32
,,,-0.051,-0.14
,,,-0.0508,-0.4
,,,-0.0506,-0.24
,,,-0.0504,0.36
,,,-0.0502,0.44
,,,-0.05,-0.12
,,,-0.0498,-0.56
,,,-0.0496,-0.12
,,,-0.0494,0.48
,,,-0.0492,0.48
,,,-0.049,-0.22
,,,-0.0488,-0.48
,,,-0.0486,-0.08
,,,-0.0484,0.42
,,,-0.0482,0.38
,,,-0.048,-0.14
,,,-0.0478,-0.44
,,,-0.0476,-0.22
,,,-0.0474,0.4
,,,-0.0472,0.44
,,,-0.047,-0.12
,,,-0.0468,-0.58
,,,-0.0466,-0.14
,,,-0.0464,0.5
,,,-0.0462,0.46
,,,-0.046,-0.24
,,,-0.0458,-0.48
,,,-0.0456,-0.02
,,,-0.0454,0.36
,,,-0.0452,0.36
,,,-0.045,-0.18
,,,-0.0448,-0.44
,,,-0.0446,-0.18
,,,-0.0444,0.46
,,,-0.0442,0.44
,,,-0.044,-0.16
,,,-0.0438,-0.58
,,,-0.0436,-0.06
,,,-0.0434,0.52
,,,-0.0432,0.36
,,,-0.043,-0.28
,,,-0.0428,-0.48
,,,-0.0426,-0.02
,,,-0.0424,0.36
,,,-0.0422,0.36
,,,-0.042,-0.18
,,,-0.0418,-0.44
,,,-0.0416,-0.14
,,,-0.0414,0.48
,,,-0.0412,0.42
,,,-0.041,-0.24
,,,-0.0408,-0.52
,,,-0.0406,-0.08
,,,-0.0404,0.52
,,,-0.0402,0.26
,,,-0.04,-0.2
,,,-0.0398,-0.44
,,,-0.0396,-0.04
,,,-0.0394,0.36
,,,-0.0392,0.4
,,,-0.039,-0.14
,,,-0.0388,-0.44
,,,-0.0386,-0.16
,,,-0.0384,0.44
,,,-0.0382,0.44
,,,-0.038,-0.28
,,,-0.0378,-0.52
,,,-0.0376,-0.08
,,,-0.0374,0.5
,,,-0.0372,0.28
,,,-0.037,-0.2
,,,-0.0368,-0.44
,,,-0.0366,-0.04
,,,-0.0364,0.38
,,,-0.0362,0.44
,,,-0.036,-0.16
,,,-0.0358,-0.58
,,,-0.0356,-0.12
,,,-0.0354,0.48
,,,-0.0352,0.46
,,,-0.035,-0.32
,,,-0.0348,-0.5
,,,-0.0346,-0.02
,,,-0.0344,0.5
,,,-0.0342,0.3
,,,-0.034,-0.22
,,,-0.0338,-0.42
,,,-0.0336,-0.06
,,,-0.0334,0.38
,,,-0.0332,0.38
,,,-0.033,-0.12
,,,-0.0328,-0.52
,,,-0.0326,-0.1
,,,-0.0324,0.44
,,,-0.0322,0.42
,,,-0.032,-0.3
,,,-0.0318,-0.42
,,,-0.0316,-0.02
,,,-0.0314,0.44
,,,-0.0312,0.28
,,,-0.031,-0.14
,,,-0.0308,-0.38
,,,-0.0306,-0.14
,,,-0.0304,0.32
,,,-0.0302,0.36
,,,-0.03,-0.1
,,,-0.0298,-0.48
,,,-0.0296,-0.06
,,,-0.0294,0.4
,,,-0.0292,0.34
,,,-0.029,-0.22
,,,-0.0288,-0.38
,,,-0.0286,0.02
,,,-0.0284,0.26
,,,-0.0282,0.26
,,,-0.028,-0.1
,,,-0.0278,-0.3
,,,-0.0276,-0.16
,,,-0.0274,0.32
,,,-0.0272,0.32
,,,-0.027,-0.06
,,,-0.0268,-0.42
,,,-0.0266,-0.08
,,,-0.0264,0.34
,,,-0.0262,0.22
,,,-0.026,-0.18
,,,-0.0258,-0.3
,,,-0.0256,-0.04
,,,-0.0254,0.2
,,,-0.0252,0.26
,,,-0.025,-0.08
,,,-0.0248,-0.26
,,,-0.0246,-0.16
,,,-0.0244,0.28
,,,-0.0242,0.32
,,,-0.024,-0.1
,,,-0.0238,-0.34
,,,-0.0236,-0.04
,,,-0.0234,0.32
,,,-0.0232,0.18
,,,-0.023,-0.08
,,,-0.0228,-0.26
,,,-0.0226,-0.04
,,,-0.0224,0.14
,,,-0.0222,0.24
,,,-0.022,0
,,,-0.0218,-0.24
,,,-0.0216,-0.18
,,,-0.0214,0.24
,,,-0.0212,0.36
,,,-0.021,-0.1
,,,-0.0208,-0.3
,,,-0.0206,-0.1
,,,-0.0204,0.24
,,,-0.0202,0.16
,,,-0.02,-0.02
,,,-0.0198,-0.24
,,,-0.0196,-0.06
,,,-0.0194,0.12
,,,-0.0192,0.26
,,,-0.019,0.04
,,,-0.0188,-0.3
,,,-0.0186,-0.16
,,,-0.0184,0.22
,,,-0.0182,0.3
,,,-0.018,-0.1
,,,-0.0178,-0.24
,,,-0.0176,-0.08
,,,-0.0174,0.2
,,,-0.0172,0.12
,,,-0.017,0.04
,,,-0.0168,-0.14
,,,-0.0166,-0.12
,,,-0.0164,0.08
,,,-0.0162,0.24
,,,-0.016,0.08
,,,-0.0158,-0.28
,,,-0.0156,-0.16
,,,-0.0154,0.12
,,,-0.0152,0.26
,,,-0.015,-0.02
,,,-0.0148,-0.18
,,,-0.0146,-0.08
,,,-0.0144,0.1
,,,-0.0142,0.14
,,,-0.014,0.12
,,,-0.0138,-0.08
,,,-0.0136,-0.22
,,,-0.0134,-0.02
,,,-0.0132,0.22
,,,-0.013,0.16
,,,-0.0128,-0.18
,,,-0.0126,-0.18
,,,-0.0124,0.04
,,,-0.0122,0.28
,,,-0.012,0.06
,,,-0.0118,-0.1
,,,-0.0116,-0.16
,,,-0.0114,0.02
,,,-0.0112,0.12
,,,-0.011,0.2
,,,-0.0108,-0.04
,,,-0.0106,-0.3
,,,-0.0104,-0.06
,,,-0.0102,0.22
,,,-0.01,0.22
,,,-0.00980001,-0.16
,,,-0.00960001,-0.2
,,,-0.00940001,-0.02
,,,-0.00920001,0.26
,,,-0.00900001,0.16
,,,-0.00880001,-0.04
,,,-0.00860001,-0.16
,,,-0.00840001,-0.12
,,,-0.00820001,0.14
,,,-0.00800001,0.26
,,,-0.00780001,0.02
,,,-0.00760001,-0.3
,,,-0.00740001,-0.12
,,,-0.00720001,0.2
,,,-0.00700001,0.28
,,,-0.00680001,-0.12
,,,-0.00660001,-0.22
,,,-0.00640001,-0.08
,,,-0.00620001,0.14
,,,-0.00600001,0.24
,,,-0.00580001,0.02
,,,-0.00560001,-0.22
,,,-0.00540001,-0.24
,,,-0.00520001,0.16
,,,-0.00500001,0.34
,,,-0.00480001,0.06
,,,-0.00460001,-0.38
,,,-0.00440001,-0.18
,,,-0.00420001,0.24
,,,-0.00400001,0.34
,,,-0.00380001,-0.02
,,,-0.00360001,-0.26
,,,-0.00340001,-0.16
,,,-0.00320001,0.08
,,,-0.00300001,0.32
,,,-0.00280001,0.1
,,,-0.00260001,-0.24
,,,-0.00240001,-0.3
,,,-0.00220001,0.18
,,,-0.00200001,0.42
,,,-0.00180001,0.1
,,,-0.00160001,-0.36
,,,-0.00140001,-0.22
,,,-0.00120001,0.22
,,,-0.00100001,0.28
,,,-0.00080001,0.04
,,,-0.00060001,-0.26
,,,-0.00040001,-0.24
,,,-0.00020001,0.04
,,,-9.98E-09,0.38
,,,0.00019999,0.14
,,,0.00039999,-0.28
,,,0.00059999,-0.34
,,,0.00079999,0.16
,,,0.00099999,0.46
,,,0.00119999,0.1
,,,0.00139999,-0.32
,,,0.00159999,-0.28
,,,0.00179999,0.18
,,,0.00199999,0.34
,,,0.00219999,0.12
,,,0.00239999,-0.32
,,,0.00259999,-0.26
,,,0.00279999,0.06
,,,0.00299999,0.42
,,,0.00319999,0.18
,,,0.00339999,-0.3
,,,0.00359999,-0.34
,,,0.00379999,0.16
,,,0.00399999,0.48
,,,0.00419999,0.04
,,,0.00439999,-0.34
,,,0.00459999,-0.28
,,,0.00479999,0.18
,,,0.00499999,0.34
,,,0.00519999,0.14
,,,0.00539999,-0.28
,,,0.00559999,-0.28
,,,0.00579999,0.06
,,,0.00599999,0.44
,,,0.00619999,0.22
,,,0.00639999,-0.34
,,,0.00659999,-0.4
,,,0.00679999,0.12
,,,0.00699999,0.5
,,,0.00719999,0.08
,,,0.00739999,-0.34
,,,0.00759999,-0.34
,,,0.00779999,0.16
,,,0.00799999,0.38
,,,0.00819999,0.2
,,,0.00839999,-0.3
,,,0.00859999,-0.32
,,,0.00879999,0.06
,,,0.00899999,0.48
,,,0.00919999,0.26
,,,0.00939999,-0.42
,,,0.00959999,-0.42
,,,0.00979999,0.14
,,,0.00999999,0.52
,,,0.0102,0.12
,,,0.0104,-0.34
,,,0.0106,-0.34
,,,0.0108,0.16
,,,0.011,0.4
,,,0.0112,0.22
,,,0.0114,-0.28
,,,0.0116,-0.46
,,,0.0118,0.06
,,,0.012,0.52
,,,0.0122,0.26
,,,0.0124,-0.44
,,,0.0126,-0.4
,,,0.0128,0.14
,,,0.013,0.54
,,,0.0132,0.1
,,,0.0134,-0.34
,,,0.0136,-0.32
,,,0.0138,0.08
,,,0.014,0.42
,,,0.0142,0.24
,,,0.0144,-0.26
,,,0.0146,-0.48
,,,0.0148,0.04
,,,0.015,0.48
,,,0.0152,0.28
,,,0.0154,-0.38
,,,0.0156,-0.38
,,,0.0158,0.1
,,,0.016,0.5
,,,0.0162,0.22
,,,0.0164,-0.28
,,,0.0166,-0.34
,,,0.0168,0.02
,,,0.017,0.4
,,,0.0172,0.28
,,,0.0174,-0.24
,,,0.0176,-0.52
,,,0.0178,0.06
,,,0.018,0.5
,,,0.0182,0.3
,,,0.0184,-0.38
,,,0.0186,-0.4
,,,0.0188,0.1
,,,0.019,0.5
,,,0.0192,0.2
,,,0.0194,-0.3
,,,0.0196,-0.34
,,,0.0198,-0.02
,,,0.02,0.44
,,,0.0202,0.28
,,,0.0204,-0.26
,,,0.0206,-0.5
,,,0.0208,0.06
,,,0.021,0.5
,,,0.0212,0.28
,,,0.0214,-0.36
,,,0.0216,-0.4
,,,0.0218,0.14
,,,0.022,0.42
,,,0.0222,0.2
,,,0.0224,-0.28
,,,0.0226,-0.36
,,,0.0228,-0.02
,,,0.023,0.44
,,,0.0232,0.28
,,,0.0234,-0.26
,,,0.0236,-0.48
,,,0.0238,0.1
,,,0.024,0.48
,,,0.0242,0.22
,,,0.0244,-0.32
,,,0.0246,-0.32
,,,0.0248,0.1
,,,0.025,0.26
,,,0.0252,0.22
,,,0.0254,-0.18
,,,0.0256,-0.3
,,,0.0258,-0.08
,,,0.026,0.38
,,,0.0262,0.26
,,,0.0264,-0.18
,,,0.0266,-0.4
,,,0.0268,0
,,,0.027,0.42
,,,0.0272,0.16
,,,0.0274,-0.24
,,,0.0276,-0.3
,,,0.0278,0.06
,,,0.028,0.28
,,,0.0282,0.24
,,,0.0284,-0.14
,,,0.0286,-0.28
,,,0.0288,-0.1
,,,0.029,0.36
,,,0.0292,0.3
,,,0.0294,-0.22
,,,0.0296,-0.38
,,,0.0298,0.02
,,,0.03,0.42
,,,0.0302,0.16
,,,0.0304,-0.18
,,,0.0306,-0.28
,,,0.0308,0.04
,,,0.031,0.24
,,,0.0312,0.26
,,,0.0314,-0.14
,,,0.0316,-0.28
,,,0.0318,-0.08
,,,0.032,0.32
,,,0.0322,0.32
,,,0.0324,-0.24
,,,0.0326,-0.32
,,,0.0328,-0.02
,,,0.033,0.34
,,,0.0332,0.12
,,,0.0334,-0.1
,,,0.0336,-0.24
,,,0.0338,0
,,,0.034,0.18
,,,0.0342,0.24
,,,0.0344,-0.04
,,,0.0346,-0.34
,,,0.0348,-0.08
,,,0.035,0.28
,,,0.0352,0.26
,,,0.0354,-0.2
,,,0.0356,-0.3
,,,0.0358,-0.04
,,,0.036,0.26
,,,0.0362,0.16
,,,0.0364,-0.08
,,,0.0366,-0.2
,,,0.0368,-0.1
,,,0.037,0.14
,,,0.0372,0.26
,,,0.0374,0.04
,,,0.0376,-0.3
,,,0.0378,-0.08
,,,0.038,0.18
,,,0.0382,0.26
,,,0.0384,-0.1
,,,0.0386,-0.18
,,,0.0388,-0.08
,,,0.039,0.1
,,,0.0392,0.12
,,,0.0394,0.08
,,,0.0396,-0.12
,,,0.0398,-0.24
,,,0.04,0.06
,,,0.0402,0.22
,,,0.0404,0.1
,,,0.0406,-0.2
,,,0.0408,-0.1
,,,0.041,0.12
,,,0.0412,0.14
,,,0.0414,0.02
,,,0.0416,-0.12
,,,0.0418,-0.1
,,,0.042,-0.02
,,,0.0422,0.16
,,,0.0424,0.14
,,,0.0426,-0.04
,,,0.0428,-0.24
,,,0.043,0
,,,0.0432,0.22
,,,0.0434,0.16
,,,0.0436,-0.2
,,,0.0438,-0.14
,,,0.044,0.06
,,,0.0442,0.12
,,,0.0444,0.1
,,,0.0446,-0.06
,,,0.0448,-0.14
,,,0.045,-0.12
,,,0.0452,0.16
,,,0.0454,0.2
,,,0.0456,-0.04
,,,0.0458,-0.26
,,,0.046,-0.04
,,,0.0462,0.22
,,,0.0464,0.22
,,,0.0466,-0.1
,,,0.0468,-0.22
,,,0.047,-0.04
,,,0.0472,0.04
,,,0.0474,0.2
,,,0.0476,0
,,,0.0478,-0.14
,,,0.048,-0.22
,,,0.0482,0.2
,,,0.0484,0.3
,,,0.0486,0.04
,,,0.0488,-0.3
,,,0.049,-0.12
,,,0.0492,0.24
,,,0.0494,0.18
,,,0.0496,-0.04
,,,0.0498,-0.22
,,,0.05,-0.08
,,,0.0502,0.08
,,,0.0504,0.28
,,,0.0506,0.02
,,,0.0508,-0.24
,,,0.051,-0.2
,,,0.0512,0.22
,,,0.0514,0.36
,,,0.0516,0.02
,,,0.0518,-0.34
,,,0.052,-0.12
,,,0.0522,0.28
,,,0.0524,0.2
,,,0.0526,-0.04
,,,0.0528,-0.26
,,,0.053,-0.1
,,,0.0532,0.14
,,,0.0534,0.32
,,,0.0536,0.04
,,,0.0538,-0.26
,,,0.054,-0.26
,,,0.0542,0.24
,,,0.0544,0.38
,,,0.0546,-0.08
,,,0.0548,-0.38
,,,0.055,-0.16
,,,0.0552,0.26
,,,0.0554,0.26
,,,0.0556,0
,,,0.0558,-0.3
,,,0.056,-0.18
,,,0.0562,0.16
,,,0.0564,0.4
,,,0.0566,0.06
,,,0.0568,-0.34
,,,0.057,-0.28
,,,0.0572,0.24
,,,0.0574,0.48
,,,0.0576,-0.06
,,,0.0578,-0.4
,,,0.058,-0.2
,,,0.0582,0.26
,,,0.0584,0.32
,,,0.0586,0.04
,,,0.0588,-0.3
,,,0.059,-0.24
,,,0.0592,0.18
,,,0.0594,0.44
,,,0.0596,0.08
,,,0.0598,-0.44
,,,0.06,-0.28
,,,0.0602,0.26
,,,0.0604,0.48
,,,0.0606,-0.08
,,,0.0608,-0.38
,,,0.061,-0.24
,,,0.0612,0.28
,,,0.0614,0.36
,,,0.0616,0.08
,,,0.0618,-0.32
,,,0.062,-0.32
,,,0.0622,0.2
,,,0.0624,0.46
,,,0.0626,0.12
,,,0.0628,-0.48
,,,0.063,-0.32
,,,0.0632,0.24
,,,0.0634,0.52
,,,0.0636,0
,,,0.0638,-0.38
,,,0.064,-0.24
,,,0.0642,0.26
,,,0.0644,0.42
,,,0.0646,0.1
,,,0.0648,-0.36
,,,0.065,-0.4
,,,0.0652,0.18
,,,0.0654,0.5
,,,0.0656,0.12
,,,0.0658,-0.48
,,,0.066,-0.34
,,,0.0662,0.22
,,,0.0664,0.54
,,,0.0666,0.02
,,,0.0668,-0.38
,,,0.067,-0.26
,,,0.0672,0.16
,,,0.0674,0.44
,,,0.0676,0.12
,,,0.0678,-0.32
,,,0.068,-0.44
,,,0.0682,0.18
,,,0.0684,0.48
,,,0.0686,0.16
,,,0.0688,-0.46
,,,0.069,-0.3
,,,0.0692,0.24
,,,0.0694,0.44
,,,0.0696,0.04
,,,0.0698,-0.34
,,,0.07,-0.24
,,,0.0702,0.1
,,,0.0704,0.4
,,,0.0706,0.14
,,,0.0708,-0.3
,,,0.071,-0.38
,,,0.0712,0.2
,,,0.0714,0.46
,,,0.0716,0.12
,,,0.0718,-0.42
,,,0.072,-0.26
,,,0.0722,0.26
,,,0.0724,0.36
,,,0.0726,0.02
,,,0.0728,-0.32
,,,0.073,-0.22
,,,0.0732,0.1
,,,0.0734,0.38
,,,0.0736,0.08
,,,0.0738,-0.28
,,,0.074,-0.3
,,,0.0742,0.2
,,,0.0744,0.42
,,,0.0746,0.1
,,,0.0748,-0.4
,,,0.075,-0.26
,,,0.0752,0.22
,,,0.0754,0.32
,,,0.0756,0.06
,,,0.0758,-0.3
,,,0.076,-0.22
,,,0.0762,0.1
,,,0.0764,0.38
,,,0.0766,0.1
,,,0.0768,-0.32
,,,0.077,-0.32
,,,0.0772,0.22
,,,0.0774,0.42
,,,0.0776,0.04
,,,0.0778,-0.38
,,,0.078,-0.22
,,,0.0782,0.26
,,,0.0784,0.28
,,,0.0786,0.02
,,,0.0788,-0.32
,,,0.079,-0.2
,,,0.0792,0.12
,,,0.0794,0.36
,,,0.0796,0.1
,,,0.0798,-0.3
,,,0.08,-0.3
,,,0.0802,0.2
,,,0.0804,0.44
,,,0.0806,-0.06
,,,0.0808,-0.38
,,,0.081,-0.22
,,,0.0812,0.28
,,,0.0814,0.28
,,,0.0816,0.08
,,,0.0818,-0.26
,,,0.082,-0.14
,,,0.0822,0.12
,,,0.0824,0.36
,,,0.0826,0.1
,,,0.0828,-0.38
,,,0.083,-0.28
,,,0.0832,0.16
,,,0.0834,0.42
,,,0.0836,-0.04
,,,0.0838,-0.28
,,,0.084,-0.22
,,,0.0842,0.2
,,,0.0844,0.28
,,,0.0846,0.12
,,,0.0848,-0.22
,,,0.085,-0.26
,,,0.0852,0.06
,,,0.0854,0.36
,,,0.0856,0.18
,,,0.0858,-0.38
,,,0.086,-0.28
,,,0.0862,0.16
,,,0.0864,0.4
,,,0.0866,0.02
,,,0.0868,-0.28
,,,0.087,-0.22
,,,0.0872,0.2
,,,0.0874,0.26
,,,0.0876,0.12
,,,0.0878,-0.18
,,,0.088,-0.3
,,,0.0882,0.08
,,,0.0884,0.36
,,,0.0886,0.16
,,,0.0888,-0.34
,,,0.089,-0.26
,,,0.0892,0.14
,,,0.0894,0.38
,,,0.0896,0.04
,,,0.0898,-0.24
,,,0.09,-0.18
,,,0.0902,0.08
,,,0.0904,0.26
,,,0.0906,0.18
,,,0.0908,-0.16
,,,0.091,-0.3
,,,0.0912,0.04
,,,0.0914,0.36
,,,0.0916,0.22
,,,0.0918,-0.34
,,,0.092,-0.26
,,,0.0922,0.12
,,,0.0924,0.38
,,,0.0926,0.08
,,,0.0928,-0.2
,,,0.093,-0.22
,,,0.0932,0.04
,,,0.0934,0.28
,,,0.0936,0.18
,,,0.0938,-0.16
,,,0.094,-0.34
,,,0.0942,0.02
,,,0.0944,0.32
,,,0.0946,0.2
,,,0.0948,-0.26
,,,0.095,-0.22
,,,0.0952,0.1
,,,0.0954,0.26
,,,0.0956,0.1
,,,0.0958,-0.16
,,,0.096,-0.14
,,,0.0962,-0.06
,,,0.0964,0.18
,,,0.0966,0.18
,,,0.0968,-0.08
,,,0.097,-0.28
,,,0.0972,0.06
,,,0.0974,0.24
,,,0.0976,0.14
,,,0.0978,-0.2
,,,0.098,-0.14
,,,0.0982,0.08
,,,0.0984,0.12
,,,0.0986,0.08
,,,0.0988,-0.1
,,,0.099,-0.1
,,,0.0992,-0.08
,,,0.0994,0.22
,,,0.0996,0.2
,,,0.0998,-0.08
,,,0.1,-0.22
,,,0.1002,0.02
,,,0.1004,0.24
,,,0.1006,0.12
,,,0.1008,-0.14
,,,0.101,-0.12
,,,0.1012,0.06
,,,0.1014,0.08
,,,0.1016,0.14
,,,0.1018,-0.08
,,,0.102,-0.12
,,,0.1022,-0.12
,,,0.1024,0.22
,,,0.1026,0.24
,,,0.1028,-0.06
,,,0.103,-0.26
,,,0.1032,-0.06
,,,0.1034,0.26
,,,0.1036,0.12
,,,0.1038,-0.12
,,,0.104,-0.24
,,,0.1042,-0.02
,,,0.1044,0.12
,,,0.1046,0.22
,,,0.1048,-0.04
,,,0.105,-0.18
,,,0.1052,-0.16
,,,0.1054,0.2
,,,0.1056,0.3
,,,0.1058,-0.1
,,,0.106,-0.3
,,,0.1062,-0.06
,,,0.1064,0.24
,,,0.1066,0.12
,,,0.1068,-0.06
,,,0.107,-0.2
,,,0.1072,-0.06
,,,0.1074,0.1
,,,0.1076,0.3
,,,0.1078,0
,,,0.108,-0.3
,,,0.1082,-0.14
,,,0.1084,0.22
,,,0.1086,0.32
,,,0.1088,-0.12
,,,0.109,-0.32
,,,0.1092,-0.08
,,,0.1094,0.24
,,,0.1096,0.2
,,,0.1098,-0.04
,,,0.11,-0.22
,,,0.1102,-0.06
,,,0.1104,0.12
,,,0.1106,0.26
,,,0.1108,0.06
,,,0.111,-0.28
,,,0.1112,-0.16
,,,0.1114,0.2
,,,0.1116,0.32
,,,0.1118,-0.14
,,,0.112,-0.24
,,,0.1122,-0.08
,,,0.1124,0.2
,,,0.1126,0.2
,,,0.1128,0
,,,0.113,-0.22
,,,0.1132,-0.14
,,,0.1134,0.1
,,,0.1136,0.3
,,,0.1138,0.08
,,,0.114,-0.32
,,,0.1142,-0.2
,,,0.1144,0.24
,,,0.1146,0.34
,,,0.1148,-0.08
,,,0.115,-0.28
,,,0.1152,-0.12
,,,0.1154,0.22
,,,0.1156,0.24
,,,0.1158,0.04
,,,0.116,-0.24
,,,0.1162,-0.26
,,,0.1164,0.1
,,,0.1166,0.36
,,,0.1168,0.08
,,,0.117,-0.42
,,,0.1172,-0.2
,,,0.1174,0.24
,,,0.1176,0.4
,,,0.1178,-0.06
,,,0.118,-0.32
,,,0.1182,-0.16
,,,0.1184,0.2
,,,0.1186,0.3
,,,0.1188,0
,,,0.119,-0.24
,,,0.1192,-0.3
,,,0.1194,0.2
,,,0.1196,0.4
,,,0.1198,0.06
,,,0.12,-0.44
,,,0.1202,-0.22
,,,0.1204,0.24
,,,0.1206,0.44
,,,0.1208,-0.06
,,,0.121,-0.3
,,,0.1212,-0.18
,,,0.1214,0.12
,,,0.1216,0.36
,,,0.1218,0.08
,,,0.122,-0.28
,,,0.1222,-0.34
,,,0.1224,0.16
,,,0.1226,0.4
,,,0.1228,0.14
,,,0.123,-0.42
,,,0.1232,-0.26
,,,0.1234,0.22
,,,0.1236,0.4
,,,0.1238,0.04
,,,0.124,-0.3
,,,0.1242,-0.22
,,,0.1244,0.04
,,,0.1246,0.38
,,,0.1248,0.16
,,,0.125,-0.26
,,,0.1252,-0.38
,,,0.1254,0.16
,,,0.1256,0.48
,,,0.1258,0.16
,,,0.126,-0.38
,,,0.1262,-0.3
,,,0.1264,0.2
,,,0.1266,0.34
,,,0.1268,0.1
,,,0.127,-0.32
,,,0.1272,-0.26
,,,0.1274,0.06
,,,0.1276,0.44
,,,0.1278,0.18
,,,0.128,-0.32
,,,0.1282,-0.4
,,,0.1284,0.18
,,,0.1286,0.5
,,,0.1288,0.08
,,,0.129,-0.4
,,,0.1292,-0.28
,,,0.1294,0.22
,,,0.1296,0.32
,,,0.1298,0.14
,,,0.13,-0.34
,,,0.1302,-0.28
,,,0.1304,0.1
,,,0.1306,0.48
,,,0.1308,0.18
,,,0.131,-0.42
,,,0.1312,-0.34
,,,0.1314,0.22
,,,0.1316,0.5
,,,0.1318,0
,,,0.132,-0.38
,,,0.1322,-0.26
,,,0.1324,0.22
,,,0.1326,0.32
,,,0.1328,0.12
,,,0.133,-0.3
,,,0.1332,-0.26
,,,0.1334,0.14
,,,0.1336,0.42
,,,0.1338,0.16
,,,0.134,-0.44
,,,0.1342,-0.32
,,,0.1344,0.18
,,,0.1346,0.5
,,,0.1348,0.02
,,,0.135,-0.38
,,,0.1352,-0.26
,,,0.1354,0.22
,,,0.1356,0.36
,,,0.1358,0.14
,,,0.136,-0.3
,,,0.1362,-0.32
,,,0.1364,0.1
,,,0.1366,0.44
,,,0.1368,0.18
,,,0.137,-0.42
,,,0.1372,-0.32
,,,0.1374,0.16
,,,0.1376,0.46
,,,0.1378,0.04
,,,0.138,-0.28
,,,0.1382,-0.24
,,,0.1384,0.14
,,,0.1386,0.32
,,,0.1388,0.14
,,,0.139,-0.24
,,,0.1392,-0.38
,,,0.1394,0.08
,,,0.1396,0.42
,,,0.1398,0.2
,,,0.14,-0.42
,,,0.1402,-0.3
,,,0.1404,0.16
,,,0.1406,0.44
,,,0.1408,0.08
,,,0.141,-0.28
,,,0.1412,-0.24
,,,0.1414,0.1
,,,0.1416,0.32
,,,0.1418,0.16
,,,0.142,-0.26
,,,0.1422,-0.42
,,,0.1424,0.12
,,,0.1426,0.44
,,,0.1428,0.2
,,,0.143,-0.42
,,,0.1432,-0.32
,,,0.1434,0.2
,,,0.1436,0.44
,,,0.1438,0.06
,,,0.144,-0.3
,,,0.1442,-0.22
,,,0.1444,0.08
,,,0.1446,0.38
,,,0.1448,0.12
,,,0.145,-0.28
,,,0.1452,-0.36
,,,0.1454,0.14
,,,0.1456,0.44
,,,0.1458,0.16
,,,0.146,-0.44
,,,0.1462,-0.28
,,,0.1464,0.22
,,,0.1466,0.36
,,,0.1468,0.04
,,,0.147,-0.3
,,,0.1472,-0.18
,,,0.1474,0.06
,,,0.1476,0.36
,,,0.1478,0.14
,,,0.148,-0.28
,,,0.1482,-0.34
,,,0.1484,0.16
,,,0.1486,0.44
,,,0.1488,0.12
,,,0.149,-0.34
,,,0.1492,-0.24
,,,0.1494,0.2
,,,0.1496,0.34
,,,0.1498,0.06
,,,0.15,-0.3
,,,0.1502,-0.18
,,,0.1504,0.06
,,,0.1506,0.36
,,,0.1508,0.14
,,,0.151,-0.26
,,,0.1512,-0.3
,,,0.1514,0.2
,,,0.1516,0.4
,,,0.1518,0.04
,,,0.152,-0.36
,,,0.1522,-0.2
,,,0.1524,0.2
,,,0.1526,0.24
,,,0.1528,0.08
,,,0.153,-0.26
,,,0.1532,-0.18
,,,0.1534,0.1
,,,0.1536,0.34
,,,0.1538,0.12
,,,0.154,-0.22
,,,0.1542,-0.3
,,,0.1544,0.14
,,,0.1546,0.42
,,,0.1548,0.02
,,,0.155,-0.32
,,,0.1552,-0.24
,,,0.1554,0.2
,,,0.1556,0.24
,,,0.1558,0.1
,,,0.156,-0.24
,,,0.1562,-0.2
,,,0.1564,0.06
,,,0.1566,0.36
,,,0.1568,0.16
,,,0.157,-0.32
,,,0.1572,-0.28
,,,0.1574,0.12
,,,0.1576,0.36
,,,0.1578,0.02
,,,0.158,-0.26
,,,0.1582,-0.2
,,,0.1584,0.18
,,,0.1586,0.26
,,,0.1588,0.12
,,,0.159,-0.16
,,,0.1592,-0.22
,,,0.1594,0.02
,,,0.1596,0.32
,,,0.1598,0.2
,,,0.16,-0.32
,,,0.1602,-0.26
,,,0.1604,0.1
,,,0.1606,0.36
,,,0.1608,0.06
,,,0.161,-0.22
,,,0.1612,-0.2
,,,0.1614,0.1
,,,0.1616,0.2
,,,0.1618,0.14
,,,0.162,-0.12
,,,0.1622,-0.3
,,,0.1624,0.02
,,,0.1626,0.26
,,,0.1628,0.22
,,,0.163,-0.2
,,,0.1632,-0.2
,,,0.1634,0.02
,,,0.1636,0.24
,,,0.1638,0.1
,,,0.164,-0.12
,,,0.1642,-0.16
,,,0.1644,-0.1
,,,0.1646,0.2
,,,0.1648,0.2
,,,0.165,-0.06
,,,0.1652,-0.3
,,,0.1654,0
,,,0.1656,0.24
,,,0.1658,0.24
,,,0.166,-0.16
,,,0.1662,-0.18
,,,0.1664,0.02
,,,0.1666,0.18
,,,0.1668,0.16
,,,0.167,-0.1
,,,0.1672,-0.18
,,,0.1674,-0.14
,,,0.1676,0.22
,,,0.1678,0.22
,,,0.168,-0.04
,,,0.1682,-0.36
,,,0.1684,0
,,,0.1686,0.28
,,,0.1688,0.22
,,,0.169,-0.22
,,,0.1692,-0.18
,,,0.1694,0.06
,,,0.1696,0.14
,,,0.1698,0.14
,,,0.17,-0.1
,,,0.1702,-0.16
,,,0.1704,-0.08
,,,0.1706,0.22
,,,0.1708,0.22
,,,0.171,-0.08
,,,0.1712,-0.28
,,,0.1714,0.02
,,,0.1716,0.26
,,,0.1718,0.16
,,,0.172,-0.12
,,,0.1722,-0.18
,,,0.1724,0.02
,,,0.1726,0.08
,,,0.1728,0.12
,,,0.173,-0.02
,,,0.1732,-0.16
,,,0.1734,-0.12
,,,0.1736,0.18
,,,0.1738,0.26
,,,0.174,-0.02
,,,0.1742,-0.28
,,,0.1744,-0.06
,,,0.1746,0.22
,,,0.1748,0.16
,,,0.175,-0.08
,,,0.1752,-0.18
,,,0.1754,-0.04
,,,0.1756,0.08
,,,0.1758,0.24
,,,0.176,0
,,,0.1762,-0.16
,,,0.1764,-0.14
,,,0.1766,0.2
,,,0.1768,0.32
,,,0.177,-0.06
,,,0.1772,-0.3
,,,0.1774,-0.08
,,,0.1776,0.22
,,,0.1778,0.18
,,,0.178,-0.06
,,,0.1782,-0.2
,,,0.1784,-0.08
,,,0.1786,0.1
,,,0.1788,0.26
,,,0.179,0.02
,,,0.1792,-0.24
,,,0.1794,-0.14
,,,0.1796,0.2
,,,0.1798,0.34
,,,0.18,-0.12
,,,0.1802,-0.3
,,,0.1804,-0.12
,,,0.1806,0.24
,,,0.1808,0.24
,,,0.181,-0.02
,,,0.1812,-0.28
,,,0.1814,-0.08
,,,0.1816,0.1
,,,0.1818,0.32
,,,0.182,0
,,,0.1822,-0.32
,,,0.1824,-0.16
,,,0.1826,0.24
,,,0.1828,0.36
,,,0.183,-0.12
,,,0.1832,-0.32
,,,0.1834,-0.12
,,,0.1836,0.28
,,,0.1838,0.22
,,,0.184,0
,,,0.1842,-0.26
,,,0.1844,-0.14
,,,0.1846,0.18
,,,0.1848,0.34
,,,0.185,0.06
,,,0.1852,-0.42
,,,0.1854,-0.18
,,,0.1856,0.28
,,,0.1858,0.4
,,,0.186,-0.12
,,,0.1862,-0.34
,,,0.1864,-0.12
,,,0.1866,0.26
,,,0.1868,0.28
,,,0.187,-0.02
,,,0.1872,-0.28
,,,0.1874,-0.24
,,,0.1876,0.22
,,,0.1878,0.4
,,,0.188,0.04
,,,0.1882,-0.46
,,,0.1884,-0.2
,,,0.1886,0.28
,,,0.1888,0.44
,,,0.189,-0.08
,,,0.1892,-0.34
,,,0.1894,-0.16
,,,0.1896,0.24
,,,0.1898,0.32
,,,0.19,0
,,,0.1902,-0.32
,,,0.1904,-0.32
,,,0.1906,0.24
,,,0.1908,0.44
,,,0.191,0.02
,,,0.1912,-0.48
,,,0.1914,-0.2
,,,0.1916,0.32
,,,0.1918,0.44
,,,0.192,-0.1
,,,0.1922,-0.38
,,,0.1924,-0.16
,,,0.1926,0.16
,,,0.1928,0.36
,,,0.193,0.02
,,,0.1932,-0.32
,,,0.1934,-0.26
,,,0.1936,0.24
,,,0.1938,0.42
,,,0.194,0.02
,,,0.1942,-0.44
,,,0.1944,-0.16
,,,0.1946,0.32
,,,0.1948,0.34
,,,0.195,-0.08
,,,0.1952,-0.36
,,,0.1954,-0.14
,,,0.1956,0.16
,,,0.1958,0.36
,,,0.196,-0.02
,,,0.1962,-0.32
,,,0.1964,-0.26
,,,0.1966,0.28
,,,0.1968,0.44
,,,0.197,-0.02
,,,0.1972,-0.44
,,,0.1974,-0.16
,,,0.1976,0.38
,,,0.1978,0.28
,,,0.198,-0.12
,,,0.1982,-0.38
,,,0.1984,-0.12
,,,0.1986,0.16
,,,0.1988,0.38
,,,0.199,0.04
,,,0.1992,-0.34
,,,0.1994,-0.28
,,,0.1996,0.3
,,,0.1998,0.5
,,,0.2,-0.08
,,,0.2002,-0.42
,,,0.2004,-0.18
,,,0.2006,0.34
,,,0.2008,0.3
,,,0.201,-0.02
,,,0.2012,-0.32
,,,0.2014,-0.18
,,,0.2016,0.18
,,,0.2018,0.44
,,,0.202,0.08
,,,0.2022,-0.38
,,,0.2024,-0.28
,,,0.2026,0.28
,,,0.2028,0.48
,,,0.203,-0.08
,,,0.2032,-0.46
,,,0.2034,-0.18
,,,0.2036,0.34
,,,0.2038,0.32
,,,0.204,-0.02
,,,0.2042,-0.34
,,,0.2044,-0.22
,,,0.2046,0.16
,,,0.2048,0.42
,,,0.205,0.06
,,,0.2052,-0.42
,,,0.2054,-0.28
,,,0.2056,0.28
,,,0.2058,0.48
,,,0.206,-0.1
,,,0.2062,-0.42
,,,0.2064,-0.18
,,,0.2066,0.3
,,,0.2068,0.34
,,,0.207,0
,,,0.2072,-0.34
,,,0.2074,-0.22
,,,0.2076,0.18
,,,0.2078,0.42
,,,0.208,0.06
,,,0.2082,-0.48
,,,0.2084,-0.26
,,,0.2086,0.28
,,,0.2088,0.44
,,,0.209,-0.08
,,,0.2092,-0.38
,,,0.2094,-0.22
,,,0.2096,0.28
,,,0.2098,0.34
,,,0.21,0.04
,,,0.2102,-0.3
,,,0.2104,-0.28
,,,0.2106,0.18
,,,0.2108,0.42
,,,0.211,0.08
,,,0.2112,-0.46
,,,0.2114,-0.28
,,,0.2116,0.26
,,,0.2118,0.48
,,,0.212,-0.06
,,,0.2122,-0.36
,,,0.2124,-0.18
,,,0.2126,0.2
,,,0.2128,0.36
,,,0.213,0.06
,,,0.2132,-0.3
,,,0.2134,-0.32
,,,0.2136,0.2
,,,0.2138,0.4
,,,0.214,0.08
,,,0.2142,-0.44
,,,0.2144,-0.22
,,,0.2146,0.24
,,,0.2148,0.4
,,,0.215,-0.02
,,,0.2152,-0.3
,,,0.2154,-0.16
,,,0.2156,0.16
,,,0.2158,0.3
,,,0.216,0.06
,,,0.2162,-0.28
,,,0.2164,-0.32
,,,0.2166,0.16
,,,0.2168,0.42
,,,0.217,0.12
,,,0.2172,-0.44
,,,0.2174,-0.22
,,,0.2176,0.28
,,,0.2178,0.38
,,,0.218,-0.04
,,,0.2182,-0.32
,,,0.2184,-0.16
,,,0.2186,0.08
,,,0.2188,0.36
,,,0.219,0.02
,,,0.2192,-0.3
,,,0.2194,-0.32
,,,0.2196,0.22
,,,0.2198,0.44
,,,0.22,0.06
,,,0.2202,-0.4
,,,0.2204,-0.2
,,,0.2206,0.26
,,,0.2208,0.28
,,,0.221,-0.02
,,,0.2212,-0.3
,,,0.2214,-0.14
,,,0.2216,0.12
,,,0.2218,0.34
,,,0.222,0.06
,,,0.2222,-0.3
,,,0.2224,-0.28
,,,0.2226,0.26
,,,0.2228,0.42
,,,0.223,-0.02
,,,0.2232,-0.38
,,,0.2234,-0.16
,,,0.2236,0.28
,,,0.2238,0.26
,,,0.224,0
,,,0.2242,-0.32
,,,0.2244,-0.14
,,,0.2246,0.14
,,,0.2248,0.32
,,,0.225,0.08
,,,0.2252,-0.34
,,,0.2254,-0.28
,,,0.2256,0.24
,,,0.2258,0.44
,,,0.226,-0.06
,,,0.2262,-0.38
,,,0.2264,-0.2
,,,0.2266,0.26
,,,0.2268,0.28
,,,0.227,0.06
,,,0.2272,-0.3
,,,0.2274,-0.18
,,,0.2276,0.12
,,,0.2278,0.4
,,,0.228,0.12
,,,0.2282,-0.46
,,,0.2284,-0.3
,,,0.2286,0.24
,,,0.2288,0.48
,,,0.229,-0.06
,,,0.2292,-0.36
,,,0.2294,-0.2
,,,0.2296,0.26
,,,0.2298,0.32
,,,0.23,0.08
,,,0.2302,-0.3
,,,0.2304,-0.3
,,,0.2306,0.18
,,,0.2308,0.44
,,,0.231,0.14
,,,0.2312,-0.48
,,,0.2314,-0.26
,,,0.2316,0.24
,,,0.2318,0.46
,,,0.232,0
,,,0.2322,-0.36
,,,0.2324,-0.18
,,,0.2326,0.2
,,,0.2328,0.34
,,,0.233,0.1
,,,0.2332,-0.26
,,,0.2334,-0.38
,,,0.2336,0.12
,,,0.2338,0.4
,,,0.234,0.16
,,,0.2342,-0.4
,,,0.2344,-0.26
,,,0.2346,0.16
,,,0.2348,0.44
,,,0.235,0.06
,,,0.2352,-0.26
,,,0.2354,-0.2
,,,0.2356,0.08
,,,0.2358,0.34
,,,0.236,0.16
,,,0.2362,-0.2
,,,0.2364,-0.36
,,,0.2366,0.08
,,,0.2368,0.38
,,,0.237,0.2
,,,0.2372,-0.34
,,,0.2374,-0.28
,,,0.2376,0.08
,,,0.2378,0.34
,,,0.238,0.12
,,,0.2382,-0.18
,,,0.2384,-0.24
,,,0.2386,-0.02
,,,0.2388,0.32
,,,0.239,0.2
,,,0.2392,-0.18
,,,0.2394,-0.42
,,,0.2396,0.04
,,,0.2398,0.36
,,,0.24,0.24
,,,0.2402,-0.22
,,,0.2404,-0.24
,,,0.2406,0.1
,,,0.2408,0.24
,,,0.241,0.12
,,,0.2412,-0.14
,,,0.2414,-0.18
,,,0.2416,-0.1
,,,0.2418,0.24
,,,0.242,0.2
,,,0.2422,-0.08
,,,0.2424,-0.34
,,,0.2426,0
,,,0.2428,0.32
,,,0.243,0.2
,,,0.2432,-0.2
,,,0.2434,-0.24
,,,0.2436,0.06
,,,0.2438,0.16
,,,0.244,0.18
,,,0.2442,-0.08
,,,0.2444,-0.18
,,,0.2446,-0.12
,,,0.2448,0.22
,,,0.245,0.28
,,,0.2452,-0.06
,,,0.2454,-0.36
,,,0.2456,0
,,,0.2458,0.28
,,,0.246,0.16
,,,0.2462,-0.18
,,,0.2464,-0.2
,,,0.2466,0.02
,,,0.2468,0.12
,,,0.247,0.18
,,,0.2472,-0.06
,,,0.2474,-0.16
,,,0.2476,-0.08
,,,0.2478,0.22
,,,0.248,0.26
,,,0.2482,-0.08
,,,0.2484,-0.28
,,,0.2486,0.02
,,,0.2488,0.28
,,,0.249,0.1
,,,0.2492,-0.12
,,,0.2494,-0.18
,,,0.2496,0.02
,,,0.2498,0.14
,,,0.25,0.2
,,,0.2502,-0.08
,,,0.2504,-0.18
,,,0.2506,-0.1
,,,0.2508,0.24
,,,0.251,0.22
,,,0.2512,-0.16
,,,0.2514,-0.26
,,,0.2516,-0.02
,,,0.2518,0.26
,,,0.252,0.04
,,,0.2522,-0.08
,,,0.2524,-0.16
,,,0.2526,0
,,,0.2528,0.12
,,,0.253,0.22
,,,0.2532,0
,,,0.2534,-0.24
,,,0.2536,-0.14
,,,0.2538,0.2
,,,0.254,0.3
,,,0.2542,-0.1
,,,0.2544,-0.26
,,,0.2546,-0.08
,,,0.2548,0.24
,,,0.255,0.16
,,,0.2552,-0.02
,,,0.2554,-0.16
,,,0.2556,-0.1
,,,0.2558,0.06
,,,0.256,0.26
,,,0.2562,0.08
,,,0.2564,-0.3
,,,0.2566,-0.16
,,,0.2568,0.12
,,,0.257,0.3
,,,0.2572,-0.04
,,,0.2574,-0.2
,,,0.2576,-0.12
,,,0.2578,0.12
,,,0.258,0.16
,,,0.2582,0.08
,,,0.2584,-0.14
,,,0.2586,-0.26
,,,0.2588,0.04
,,,0.259,0.28
,,,0.2592,0.16
,,,0.2594,-0.28
,,,0.2596,-0.2
,,,0.2598,0.08
,,,0.26,0.32
,,,0.2602,0.06
,,,0.2604,-0.14
,,,0.2606,-0.16
,,,0.2608,0
,,,0.261,0.2
,,,0.2612,0.16
,,,0.2614,-0.12
,,,0.2616,-0.3
,,,0.2618,0
,,,0.262,0.26
,,,0.2622,0.2
,,,0.2624,-0.14
,,,0.2626,-0.18
,,,0.2628,-0.06
,,,0.263,0.28
,,,0.2632,0.18
,,,0.2634,-0.1
,,,0.2636,-0.3
,,,0.2638,0.02
,,,0.264,0.28
,,,0.2642,0.08
,,,0.2644,-0.16
,,,0.2646,-0.2
,,,0.2648,0.08
,,,0.265,0.16
,,,0.2652,0.2
,,,0.2654,-0.1
,,,0.2656,-0.22
,,,0.2658,-0.08
,,,0.266,0.3
,,,0.2662,0.24
,,,0.2664,-0.24
,,,0.2666,-0.28
,,,0.2668,0.06
,,,0.267,0.34
,,,0.2672,0.1
,,,0.2674,-0.14
,,,0.2676,-0.26
,,,0.2678,0.04
,,,0.268,0.24
,,,0.2682,0.22
,,,0.2684,-0.08
,,,0.2686,-0.38
,,,0.2688,-0.08
,,,0.269,0.34
,,,0.2692,0.28
,,,0.2694,-0.22
,,,0.2696,-0.3
,,,0.2698,-0.04
