Record Length,2500,Points,-1.0400000E-3,5.11999989,
Sample Interval,2.0000000E-6,s,-1.0380000E-3,5.19999981,
Trigger Point,520.000002728,Samples,-1.0360000E-3,5.19999981,
,,,-1.0340000E-3,5.19999981,
,,,-1.0320001E-3,5.11999989,
,,,-1.0300000E-3,5.11999989,
Source,CH1,,-1.0280000E-3,5.11999989,
Vertical Units,Volts,,-1.0260000E-3,5.11999989,
Vertical Scale,2.0000000,,-1.0240000E-3,5.11999989,
Vertical Offset,0,,-1.0220000E-3,5.11999989,
Horizontal Units,s,,-1.0200000E-3,5.11999989,
Horizontal Scale,499.999998738E-6,,-1.0180000E-3,5.11999989,
Pt Fmt,Y,,-1.0160001E-3,5.11999989,
Yzero,80.000000000E-3,,-1.0140000E-3,5.11999989,
Probe Atten,1.000000,,-1.0120000E-3,5.19999981,
,,,-1.0100000E-3,5.11999989,
Note,TBS 1052B-EDU - 10:59:35 AM   6/21/2021,,-1.0080000E-3,5.11999989,
,,,-1.0060000E-3,5.19999981,
,,,-1.0040000E-3,5.19999981,
,,,-1.0019999E-3,5.11999989,
,,,-1.0000000E-3,5.11999989,
,,,-998.000032268E-6,5.11999989,
,,,-996.000017039E-6,5.11999989,
,,,-994.000001810E-6,5.11999989,
,,,-991.999986582E-6,5.11999989,
,,,-989.999971353E-6,5.11999989,
,,,-987.999956124E-6,5.19999981,
,,,-986.000057310E-6,5.11999989,
,,,-984.000042081E-6,5.19999981,
,,,-982.000026852E-6,5.11999989,
,,,-980.000011623E-6,5.11999989,
,,,-977.999996394E-6,5.19999981,
,,,-975.999981165E-6,5.19999981,
,,,-974.000024144E-6,5.11999989,
,,,-972.000008915E-6,5.19999981,
,,,-969.999993686E-6,5.19999981,
,,,-967.999978457E-6,5.19999981,
,,,-966.000021435E-6,5.11999989,
,,,-964.000006206E-6,5.19999981,
,,,-961.999990977E-6,5.11999989,
,,,-959.999975748E-6,5.19999981,
,,,-958.000018727E-6,5.19999981,
,,,-956.000003498E-6,5.11999989,
,,,-953.999988269E-6,5.19999981,
,,,-952.000031248E-6,5.11999989,
,,,-950.000016019E-6,5.11999989,
,,,-948.000000790E-6,5.11999989,
,,,-945.999985561E-6,5.19999981,
,,,-944.000028539E-6,5.19999981,
,,,-942.000013310E-6,5.11999989,
,,,-939.999998081E-6,5.11999989,
,,,-937.999982852E-6,5.19999981,
,,,-936.000025831E-6,5.11999989,
,,,-934.000010602E-6,5.11999989,
,,,-931.999995373E-6,5.11999989,
,,,-929.999980144E-6,5.11999989,
,,,-928.000023123E-6,5.11999989,
,,,-926.000007894E-6,5.11999989,
,,,-923.999992665E-6,5.11999989,
,,,-921.999977436E-6,5.19999981,
,,,-920.000020415E-6,5.11999989,
,,,-918.000005186E-6,5.11999989,
,,,-915.999989957E-6,5.11999989,
,,,-913.999974728E-6,5.19999981,
,,,-912.000017706E-6,5.11999989,
,,,-910.000002477E-6,5.11999989,
,,,-907.999987248E-6,5.11999989,
,,,-906.000030227E-6,5.19999981,
,,,-904.000014998E-6,5.11999989,
,,,-901.999999769E-6,5.11999989,
,,,-899.999984540E-6,5.11999989,
,,,-898.000027519E-6,5.11999989,
,,,-896.000012290E-6,5.11999989,
,,,-893.999997061E-6,5.11999989,
,,,-891.999981832E-6,5.19999981,
,,,-890.000024810E-6,5.11999989,
,,,-888.000009581E-6,5.19999981,
,,,-885.999994352E-6,5.11999989,
,,,-883.999979123E-6,5.19999981,
,,,-882.000022102E-6,5.11999989,
,,,-880.000006873E-6,5.11999989,
,,,-877.999991644E-6,5.11999989,
,,,-875.999976415E-6,5.11999989,
,,,-874.000019394E-6,5.11999989,
,,,-872.000004165E-6,5.19999981,
,,,-869.999988936E-6,5.11999989,
,,,-868.000031915E-6,5.11999989,
,,,-866.000016686E-6,5.19999981,
,,,-864.000001457E-6,5.11999989,
,,,-861.999986228E-6,5.11999989,
,,,-860.000029206E-6,5.11999989,
,,,-858.000013977E-6,5.11999989,
,,,-855.999998748E-6,5.19999981,
,,,-853.999983519E-6,5.11999989,
,,,-852.000026498E-6,5.11999989,
,,,-850.000011269E-6,5.11999989,
,,,-847.999996040E-6,5.19999981,
,,,-845.999980811E-6,5.11999989,
,,,-844.000023790E-6,5.19999981,
,,,-842.000008561E-6,5.19999981,
,,,-839.999993332E-6,5.19999981,
,,,-837.999978103E-6,5.19999981,
,,,-836.000021081E-6,5.11999989,
,,,-834.000005852E-6,5.11999989,
,,,-831.999990623E-6,5.19999981,
,,,-829.999975394E-6,5.11999989,
,,,-828.000018373E-6,5.11999989,
,,,-826.000003144E-6,5.19999981,
,,,-823.999987915E-6,5.11999989,
,,,-822.000030894E-6,5.11999989,
,,,-820.000015665E-6,5.11999989,
,,,-818.000000436E-6,5.19999981,
,,,-815.999985207E-6,5.11999989,
,,,-814.000028186E-6,5.11999989,
,,,-812.000012957E-6,5.19999981,
,,,-809.999997728E-6,5.19999981,
,,,-807.999982499E-6,5.11999989,
,,,-806.000025477E-6,5.19999981,
,,,-804.000010248E-6,5.11999989,
,,,-801.999995019E-6,5.11999989,
,,,-799.999979790E-6,5.11999989,
,,,-798.000022769E-6,5.11999989,
,,,-796.000007540E-6,5.11999989,
,,,-793.999992311E-6,5.11999989,
,,,-791.999977082E-6,5.11999989,
,,,-790.000020061E-6,5.11999989,
,,,-788.000004832E-6,5.11999989,
,,,-785.999989603E-6,5.11999989,
,,,-784.000032581E-6,5.19999981,
,,,-782.000017352E-6,5.19999981,
,,,-780.000002123E-6,5.19999981,
,,,-777.999986894E-6,5.11999989,
,,,-776.000029873E-6,5.11999989,
,,,-774.000014644E-6,5.19999981,
,,,-771.999999415E-6,5.11999989,
,,,-769.999984186E-6,5.19999981,
,,,-768.000027165E-6,5.11999989,
,,,-766.000011936E-6,5.11999989,
,,,-763.999996707E-6,5.19999981,
,,,-761.999981478E-6,5.19999981,
,,,-760.000024457E-6,5.19999981,
,,,-758.000009228E-6,5.11999989,
,,,-755.999993999E-6,5.11999989,
,,,-753.999978770E-6,5.11999989,
,,,-752.000021748E-6,5.11999989,
,,,-750.000006519E-6,5.11999989,
,,,-747.999991290E-6,5.11999989,
,,,-745.999976061E-6,5.19999981,
,,,-744.000019040E-6,5.11999989,
,,,-742.000003811E-6,5.11999989,
,,,-739.999988582E-6,5.11999989,
,,,-738.000031561E-6,5.19999981,
,,,-736.000016332E-6,5.11999989,
,,,-734.000001103E-6,5.11999989,
,,,-731.999985874E-6,5.19999981,
,,,-730.000028852E-6,5.11999989,
,,,-728.000013623E-6,5.19999981,
,,,-725.999998394E-6,5.11999989,
,,,-723.999983165E-6,5.11999989,
,,,-722.000026144E-6,5.11999989,
,,,-720.000010915E-6,5.19999981,
,,,-717.999995686E-6,5.11999989,
,,,-715.999980457E-6,5.11999989,
,,,-714.000023436E-6,5.19999981,
,,,-712.000008207E-6,5.19999981,
,,,-709.999992978E-6,5.11999989,
,,,-707.999977749E-6,5.11999989,
,,,-706.000020728E-6,5.11999989,
,,,-704.000005499E-6,5.11999989,
,,,-701.999990270E-6,5.19999981,
,,,-699.999975041E-6,5.11999989,
,,,-698.000018019E-6,5.19999981,
,,,-696.000002790E-6,5.19999981,
,,,-693.999987561E-6,5.11999989,
,,,-692.000030540E-6,5.19999981,
,,,-690.000015311E-6,5.11999989,
,,,-688.000000082E-6,5.19999981,
,,,-685.999984853E-6,5.19999981,
,,,-684.000027832E-6,5.19999981,
,,,-682.000012603E-6,5.19999981,
,,,-679.999997374E-6,5.11999989,
,,,-677.999982145E-6,5.19999981,
,,,-676.000025123E-6,5.11999989,
,,,-674.000009894E-6,5.19999981,
,,,-671.999994665E-6,5.19999981,
,,,-669.999979436E-6,5.11999989,
,,,-668.000022415E-6,5.19999981,
,,,-666.000007186E-6,5.19999981,
,,,-663.999991957E-6,5.19999981,
,,,-661.999976728E-6,5.11999989,
,,,-660.000019707E-6,5.19999981,
,,,-658.000004478E-6,5.11999989,
,,,-655.999989249E-6,5.19999981,
,,,-654.000032227E-6,5.11999989,
,,,-652.000016998E-6,5.19999981,
,,,-650.000001770E-6,5.19999981,
,,,-647.999986541E-6,5.11999989,
,,,-646.000029519E-6,5.11999989,
,,,-644.000014290E-6,5.11999989,
,,,-641.999999061E-6,5.11999989,
,,,-639.999983832E-6,5.11999989,
,,,-638.000026811E-6,5.19999981,
,,,-636.000011582E-6,5.19999981,
,,,-633.999996353E-6,5.11999989,
,,,-631.999981124E-6,5.11999989,
,,,-630.000024103E-6,5.11999989,
,,,-628.000008874E-6,5.19999981,
,,,-625.999993645E-6,5.11999989,
,,,-623.999978416E-6,5.11999989,
,,,-622.000021394E-6,5.19999981,
,,,-620.000006165E-6,5.11999989,
,,,-617.999990936E-6,5.19999981,
,,,-615.999975707E-6,5.11999989,
,,,-614.000018686E-6,5.11999989,
,,,-612.000003457E-6,5.11999989,
,,,-609.999988228E-6,5.19999981,
,,,-608.000031207E-6,5.11999989,
,,,-606.000015978E-6,5.11999989,
,,,-604.000000749E-6,5.11999989,
,,,-601.999985520E-6,5.19999981,
,,,-600.000028498E-6,5.11999989,
,,,-598.000013269E-6,5.11999989,
,,,-595.999998040E-6,5.11999989,
,,,-593.999982812E-6,5.11999989,
,,,-592.000025790E-6,5.11999989,
,,,-590.000010561E-6,5.11999989,
,,,-587.999995332E-6,5.19999981,
,,,-585.999980103E-6,5.19999981,
,,,-584.000023082E-6,5.11999989,
,,,-582.000007853E-6,5.11999989,
,,,-579.999992624E-6,5.11999989,
,,,-577.999977395E-6,5.11999989,
,,,-576.000020374E-6,5.19999981,
,,,-574.000005145E-6,5.19999981,
,,,-571.999989916E-6,5.11999989,
,,,-570.000032894E-6,5.11999989,
,,,-568.000017665E-6,5.11999989,
,,,-566.000002436E-6,5.11999989,
,,,-563.999987207E-6,5.11999989,
,,,-562.000030186E-6,5.11999989,
,,,-560.000014957E-6,5.11999989,
,,,-557.999999728E-6,5.19999981,
,,,-555.999984499E-6,5.19999981,
,,,-554.000027478E-6,5.19999981,
,,,-552.000012249E-6,5.19999981,
,,,-549.999997020E-6,5.19999981,
,,,-547.999981791E-6,5.11999989,
,,,-546.000024769E-6,5.11999989,
,,,-544.000009540E-6,5.11999989,
,,,-541.999994311E-6,5.19999981,
,,,-539.999979082E-6,5.19999981,
,,,-538.000022061E-6,5.11999989,
,,,-536.000006832E-6,5.11999989,
,,,-533.999991603E-6,5.11999989,
,,,-531.999976374E-6,5.11999989,
,,,-530.000019353E-6,5.11999989,
,,,-528.000004124E-6,5.11999989,
,,,-525.999988895E-6,5.19999981,
,,,-524.000031874E-6,5.19999981,
,,,-522.000016645E-6,5.11999989,
,,,-520.000001416E-6,5.11999989,
,,,-517.999986187E-6,5.19999981,
,,,-516.000029165E-6,5.11999989,
,,,-514.000013936E-6,5.11999989,
,,,-511.999998707E-6,5.11999989,
,,,-509.999983478E-6,5.19999981,
,,,-508.000026457E-6,5.19999981,
,,,-506.000011228E-6,5.11999989,
,,,-503.999995999E-6,5.11999989,
,,,-501.999980770E-6,5.11999989,
,,,-500.000023749E-6,5.11999989,
,,,-498.000008520E-6,5.11999989,
,,,-495.999993291E-6,5.19999981,
,,,-493.999978062E-6,5.11999989,
,,,-492.000021040E-6,5.19999981,
,,,-490.000005811E-6,5.11999989,
,,,-487.999990582E-6,5.11999989,
,,,-486.000004457E-6,5.19999981,
,,,-484.000018332E-6,5.11999989,
,,,-482.000003103E-6,5.11999989,
,,,-480.000016978E-6,5.11999989,
,,,-478.000001749E-6,5.19999981,
,,,-476.000015624E-6,5.11999989,
,,,-474.000000395E-6,5.11999989,
,,,-472.000014270E-6,5.19999981,
,,,-469.999999041E-6,5.19999981,
,,,-468.000012916E-6,5.19999981,
,,,-465.999997687E-6,5.19999981,
,,,-464.000011561E-6,5.19999981,
,,,-461.999996332E-6,5.11999989,
,,,-460.000010207E-6,5.19999981,
,,,-457.999994978E-6,5.11999989,
,,,-456.000008853E-6,5.11999989,
,,,-453.999993624E-6,5.19999981,
,,,-452.000007499E-6,5.19999981,
,,,-449.999992270E-6,5.11999989,
,,,-448.000006145E-6,5.19999981,
,,,-445.999990916E-6,5.19999981,
,,,-444.000004791E-6,5.11999989,
,,,-442.000018666E-6,5.11999989,
,,,-440.000003437E-6,5.11999989,
,,,-438.000017311E-6,5.19999981,
,,,-436.000002082E-6,5.11999989,
,,,-434.000015957E-6,5.11999989,
,,,-432.000000728E-6,5.11999989,
,,,-430.000014603E-6,5.19999981,
,,,-427.999999374E-6,5.19999981,
,,,-426.000013249E-6,5.19999981,
,,,-423.999998020E-6,5.11999989,
,,,-422.000011895E-6,5.11999989,
,,,-419.999996666E-6,5.19999981,
,,,-418.000010541E-6,5.11999989,
,,,-415.999995312E-6,5.19999981,
,,,-414.000009187E-6,5.19999981,
,,,-411.999993958E-6,5.11999989,
,,,-410.000007832E-6,5.11999989,
,,,-407.999992603E-6,5.11999989,
,,,-406.000006478E-6,5.11999989,
,,,-403.999991249E-6,5.11999989,
,,,-402.00000512E-6,5.11999989,
,,,-400.00001900E-6,5.11999989,
,,,-398.00000377E-6,5.19999981,
,,,-396.00001764E-6,5.11999989,
,,,-394.00000242E-6,5.11999989,
,,,-392.00001629E-6,5.11999989,
,,,-390.00000106E-6,5.11999989,
,,,-388.00001494E-6,5.11999989,
,,,-385.99999971E-6,5.11999989,
,,,-384.00001358E-6,5.11999989,
,,,-381.99999835E-6,5.11999989,
,,,-380.00001223E-6,5.11999989,
,,,-377.99999700E-6,5.11999989,
,,,-376.00001087E-6,5.19999981,
,,,-373.99999565E-6,5.11999989,
,,,-372.00000952E-6,5.11999989,
,,,-369.99999429E-6,5.19999981,
,,,-368.00000817E-6,5.19999981,
,,,-365.99999294E-6,5.11999989,
,,,-364.00000681E-6,5.11999989,
,,,-361.99999158E-6,5.19999981,
,,,-360.00000546E-6,5.11999989,
,,,-357.99999023E-6,5.11999989,
,,,-356.00000410E-6,5.19999981,
,,,-354.00001798E-6,5.19999981,
,,,-352.00000275E-6,5.19999981,
,,,-350.00001662E-6,5.19999981,
,,,-348.00000140E-6,5.11999989,
,,,-346.00001527E-6,5.11999989,
,,,-344.00000004E-6,5.11999989,
,,,-342.00001392E-6,5.11999989,
,,,-339.99999869E-6,5.19999981,
,,,-338.00001256E-6,5.19999981,
,,,-335.99999733E-6,5.19999981,
,,,-334.00001121E-6,5.11999989,
,,,-331.99999598E-6,5.11999989,
,,,-330.00000985E-6,5.11999989,
,,,-327.99999462E-6,5.11999989,
,,,-326.00000850E-6,5.11999989,
,,,-323.99999327E-6,5.11999989,
,,,-322.00000715E-6,5.11999989,
,,,-319.99999192E-6,5.11999989,
,,,-318.00000579E-6,5.19999981,
,,,-315.99999056E-6,5.19999981,
,,,-314.00000444E-6,5.11999989,
,,,-312.00001831E-6,5.11999989,
,,,-310.00000308E-6,5.11999989,
,,,-308.00001696E-6,5.11999989,
,,,-306.00000173E-6,5.11999989,
,,,-304.00001560E-6,5.03999996,
,,,-302.00000037E-6,5.03999996,
,,,-300.00001425E-6,5.03999996,
,,,-297.99999902E-6,5.03999996,
,,,-296.00001290E-6,4.96000004,
,,,-293.99999767E-6,4.88000011,
,,,-292.00001154E-6,4.88000011,
,,,-289.99999631E-6,4.88000011,
,,,-288.00001019E-6,4.79999971,
,,,-285.99999496E-6,4.79999971,
,,,-284.00000883E-6,4.63999987,
,,,-281.99999360E-6,4.63999987,
,,,-280.00000748E-6,4.55999994,
,,,-277.99999225E-6,4.48000002,
,,,-276.00000612E-6,4.40000010,
,,,-273.99999090E-6,4.31999969,
,,,-272.00000477E-6,4.23999977,
,,,-270.00001865E-6,4.15999985,
,,,-268.00000342E-6,4.07999992,
,,,-266.00001729E-6,4.00000000,
,,,-264.00000206E-6,3.83999991,
,,,-262.00001594E-6,3.83999991,
,,,-260.00000071E-6,3.67999983,
,,,-258.00001458E-6,3.51999998,
,,,-255.99999935E-6,3.43999982,
,,,-254.00001323E-6,3.35999990,
,,,-251.99999800E-6,3.27999997,
,,,-250.00001187E-6,3.11999989,
,,,-247.99999665E-6,3.03999996,
,,,-246.00001052E-6,2.87999988,
,,,-244.00000984E-6,2.79999995,
,,,-242.00000917E-6,2.6399999,
,,,-240.00000849E-6,2.4800000,
,,,-238.00000781E-6,2.3999999,
,,,-236.00000713E-6,2.3199999,
,,,-234.00000646E-6,2.1599998,
,,,-232.00000578E-6,2.0000000,
,,,-230.00000510E-6,1.8399999,
,,,-228.00000443E-6,1.7600000,
,,,-226.00000375E-6,1.5999999,
,,,-224.00000307E-6,1.4399999,
,,,-222.00000240E-6,1.3600000,
,,,-220.00000172E-6,1.1999999,
,,,-218.00000104E-6,1.0400000,
,,,-216.00000036E-6,879.999995232E-3,
,,,-213.99999969E-6,799.999952316E-3,
,,,-211.99999901E-6,639.999985695E-3,
,,,-209.99999833E-6,479.999989271E-3,
,,,-208.00001221E-6,319.99999285E-3,
,,,-206.00001153E-6,239.99999464E-3,
,,,-204.00001085E-6,79.999998212E-3,
,,,-202.00001018E-6,-79.999998212E-3,
,,,-200.00000950E-6,-239.99999464E-3,
,,,-198.00000882E-6,-319.99999285E-3,
,,,-196.00000815E-6,-479.999989271E-3,
,,,-194.00000747E-6,-560.000002384E-3,
,,,-192.00000679E-6,-799.999952316E-3,
,,,-190.00000611E-6,-879.999995232E-3,
,,,-188.00000544E-6,-1.0400000,
,,,-186.00000476E-6,-1.1200000,
,,,-184.00000408E-6,-1.3600000,
,,,-182.00000341E-6,-1.4399999,
,,,-180.00000273E-6,-1.5200000,
,,,-178.00000205E-6,-1.6799999,
,,,-176.00000137E-6,-1.7600000,
,,,-174.00000070E-6,-1.9200000,
,,,-172.00000002E-6,-2.0000000,
,,,-169.99999934E-6,-2.1599998,
,,,-167.99999867E-6,-2.3199999,
,,,-165.99999799E-6,-2.3999999,
,,,-164.00001186E-6,-2.5599999,
,,,-162.00001119E-6,-2.5599999,
,,,-160.00001051E-6,-2.72000003,
,,,-158.00000983E-6,-2.87999988,
,,,-156.00000916E-6,-2.96000004,
,,,-154.00000848E-6,-3.03999996,
,,,-152.00000780E-6,-3.11999989,
,,,-150.00000712E-6,-3.19999981,
,,,-148.0000064E-6,-3.35999990,
,,,-146.0000058E-6,-3.43999982,
,,,-144.0000051E-6,-3.43999982,
,,,-142.0000044E-6,-3.59999990,
,,,-140.0000037E-6,-3.67999983,
,,,-138.0000031E-6,-3.75999999,
,,,-136.0000024E-6,-3.75999999,
,,,-134.0000017E-6,-3.83999991,
,,,-132.0000010E-6,-3.91999984,
,,,-130.0000004E-6,-4.00000000,
,,,-127.9999997E-6,-4.00000000,
,,,-125.9999990E-6,-4.15999985,
,,,-123.9999983E-6,-4.15999985,
,,,-122.0000049E-6,-4.23999977,
,,,-120.0000042E-6,-4.23999977,
,,,-118.0000036E-6,-4.31999969,
,,,-116.0000029E-6,-4.31999969,
,,,-114.0000022E-6,-4.40000010,
,,,-112.0000088E-6,-4.40000010,
,,,-110.0000081E-6,-4.40000010,
,,,-108.0000075E-6,-4.40000010,
,,,-106.0000068E-6,-4.40000010,
,,,-104.0000061E-6,-4.48000002,
,,,-102.0000054E-6,-4.48000002,
,,,-100.0000047E-6,-4.48000002,
,,,-98.000004073E-6,-4.40000010,
,,,-96.000003396E-6,-4.48000002,
,,,-94.000002719E-6,-4.48000002,
,,,-92.000002041E-6,-4.48000002,
,,,-90.000008640E-6,-4.40000010,
,,,-88.000007963E-6,-4.40000010,
,,,-86.000007286E-6,-4.40000010,
,,,-84.000006609E-6,-4.31999969,
,,,-82.000005932E-6,-4.31999969,
,,,-80.000005255E-6,-4.31999969,
,,,-78.000004578E-6,-4.23999977,
,,,-76.000003901E-6,-4.15999985,
,,,-74.000003224E-6,-4.15999985,
,,,-72.000002547E-6,-4.07999992,
,,,-70.000001870E-6,-4.00000000,
,,,-68.000008469E-6,-4.00000000,
,,,-66.000007791E-6,-3.91999984,
,,,-64.000007114E-6,-3.83999991,
,,,-62.000006437E-6,-3.75999999,
,,,-60.000005760E-6,-3.75999999,
,,,-58.000005083E-6,-3.59999990,
,,,-56.000004406E-6,-3.51999998,
,,,-54.00000373E-6,-3.43999982,
,,,-52.00000669E-6,-3.35999990,
,,,-50.00000601E-6,-3.27999997,
,,,-48.00000534E-6,-3.19999981,
,,,-46.00000466E-6,-3.11999989,
,,,-44.00000398E-6,-3.03999996,
,,,-42.00000694E-6,-2.96000004,
,,,-40.00000627E-6,-2.79999995,
,,,-38.00000559E-6,-2.72000003,
,,,-36.00000491E-6,-2.6399999,
,,,-34.00000423E-6,-2.5599999,
,,,-32.00000356E-6,-2.3999999,
,,,-30.00000470E-6,-2.3199999,
,,,-28.00000584E-6,-2.2400000,
,,,-26.00000516E-6,-2.0799999,
,,,-24.00000449E-6,-2.0000000,
,,,-22.00000563E-6,-1.8399999,
,,,-20.0000050E-6,-1.7600000,
,,,-18.0000061E-6,-1.5999999,
,,,-16.0000054E-6,-1.4399999,
,,,-14.0000056E-6,-1.3600000,
,,,-12.0000059E-6,-1.2800000,
,,,-10.0000052E-6,-1.1200000,
,,,-8.000005437E-6,-959.999978542E-3,
,,,-6.00000567E-6,-879.999995232E-3,
,,,-4.00000545E-6,-719.999969006E-3,
,,,-2.0000055E-6,-560.000002384E-3,
,,,-5.45696819E-12,-479.999989271E-3,
,,,1.9999945E-6,-319.99999285E-3,
,,,3.99999453E-6,-159.99999642E-3,
,,,5.99999476E-6,-79.999998212E-3,
,,,7.999994523E-6,79.999998212E-3,
,,,9.999994290E-6,159.99999642E-3,
,,,11.9999950E-6,319.99999285E-3,
,,,13.9999947E-6,479.999989271E-3,
,,,15.9999945E-6,639.999985695E-3,
,,,17.9999952E-6,719.999969006E-3,
,,,19.9999940E-6,879.999995232E-3,
,,,21.99999471E-6,959.999978542E-3,
,,,23.99999357E-6,1.1200000,
,,,25.99999425E-6,1.1999999,
,,,27.99999493E-6,1.3600000,
,,,29.99999379E-6,1.5200000,
,,,31.99999628E-6,1.5999999,
,,,33.99999332E-6,1.6799999,
,,,35.99999400E-6,1.8399999,
,,,37.99999467E-6,1.9200000,
,,,39.99999535E-6,2.0799999,
,,,41.99999603E-6,2.2400000,
,,,43.99999307E-6,2.3199999,
,,,45.99999374E-6,2.3999999,
,,,47.99999442E-6,2.5599999,
,,,49.99999510E-6,2.6399999,
,,,51.99999578E-6,2.72000003,
,,,53.99999282E-6,2.87999988,
,,,55.999993492E-6,2.96000004,
,,,57.999994169E-6,3.03999996,
,,,59.999994846E-6,3.11999989,
,,,61.999991885E-6,3.19999981,
,,,63.999992562E-6,3.35999990,
,,,65.999993240E-6,3.43999982,
,,,67.999993917E-6,3.51999998,
,,,69.999994594E-6,3.59999990,
,,,71.999995271E-6,3.67999983,
,,,73.999995948E-6,3.75999999,
,,,75.999996625E-6,3.75999999,
,,,77.999997302E-6,3.83999991,
,,,79.999997979E-6,3.91999984,
,,,81.999991380E-6,4.00000000,
,,,83.999992057E-6,4.07999992,
,,,85.999992734E-6,4.07999992,
,,,87.999993411E-6,4.15999985,
,,,89.999994088E-6,4.23999977,
,,,91.999994766E-6,4.23999977,
,,,93.999995443E-6,4.31999969,
,,,95.999996120E-6,4.31999969,
,,,97.999996797E-6,4.40000010,
,,,99.999997474E-6,4.48000002,
,,,101.9999909E-6,4.40000010,
,,,103.9999916E-6,4.48000002,
,,,105.9999922E-6,4.48000002,
,,,107.9999929E-6,4.48000002,
,,,109.9999936E-6,4.48000002,
,,,111.9999943E-6,4.48000002,
,,,113.9999949E-6,4.55999994,
,,,115.9999956E-6,4.55999994,
,,,117.9999963E-6,4.55999994,
,,,119.9999970E-6,4.55999994,
,,,121.9999976E-6,4.55999994,
,,,123.9999983E-6,4.55999994,
,,,125.9999990E-6,4.48000002,
,,,127.9999997E-6,4.48000002,
,,,130.0000004E-6,4.48000002,
,,,132.0000010E-6,4.40000010,
,,,133.9999872E-6,4.40000010,
,,,135.9999878E-6,4.31999969,
,,,137.9999885E-6,4.31999969,
,,,139.9999892E-6,4.31999969,
,,,141.9999899E-6,4.23999977,
,,,143.9999905E-6,4.15999985,
,,,145.9999912E-6,4.15999985,
,,,147.9999919E-6,4.07999992,
,,,149.99999257E-6,4.00000000,
,,,151.99999325E-6,3.91999984,
,,,153.99999393E-6,3.91999984,
,,,155.99999460E-6,3.83999991,
,,,157.99999528E-6,3.75999999,
,,,159.99999596E-6,3.67999983,
,,,161.99999664E-6,3.59999990,
,,,163.99999731E-6,3.51999998,
,,,165.99999799E-6,3.43999982,
,,,167.99999867E-6,3.35999990,
,,,169.99999934E-6,3.27999997,
,,,172.00000002E-6,3.19999981,
,,,174.00000070E-6,3.11999989,
,,,176.00000137E-6,3.03999996,
,,,177.99998750E-6,2.87999988,
,,,179.99998818E-6,2.79999995,
,,,181.99998885E-6,2.72000003,
,,,183.99998953E-6,2.6399999,
,,,185.99999021E-6,2.5599999,
,,,187.99999089E-6,2.3999999,
,,,189.99999156E-6,2.2400000,
,,,191.99999224E-6,2.1599998,
,,,193.99999292E-6,2.0000000,
,,,195.99999359E-6,2.0000000,
,,,197.99999427E-6,1.8399999,
,,,199.99999495E-6,1.7600000,
,,,201.99999562E-6,1.5999999,
,,,203.99999630E-6,1.5200000,
,,,205.99999698E-6,1.3600000,
,,,207.99999766E-6,1.2800000,
,,,209.99999833E-6,1.1200000,
,,,211.99999901E-6,1.0400000,
,,,213.99999969E-6,879.999995232E-3,
,,,216.00000036E-6,799.999952316E-3,
,,,218.00000104E-6,719.999969006E-3,
,,,219.99998717E-6,560.000002384E-3,
,,,221.99998784E-6,399.99997616E-3,
,,,223.99998852E-6,319.99999285E-3,
,,,225.99998920E-6,159.99999642E-3,
,,,227.99998987E-6,79.999998212E-3,
,,,229.99999055E-6,-79.999998212E-3,
,,,231.99999123E-6,-159.99999642E-3,
,,,233.99999191E-6,-319.99999285E-3,
,,,235.99999258E-6,-399.99997616E-3,
,,,237.99999326E-6,-560.000002384E-3,
,,,239.99999394E-6,-639.999985695E-3,
,,,241.99999461E-6,-799.999952316E-3,
,,,243.99999529E-6,-879.999995232E-3,
,,,245.99998142E-6,-1.0400000,
,,,247.99999665E-6,-1.1200000,
,,,249.99998277E-6,-1.2800000,
,,,251.99999800E-6,-1.3600000,
,,,253.99998412E-6,-1.4399999,
,,,255.99999935E-6,-1.5999999,
,,,257.99998548E-6,-1.6799999,
,,,260.00000071E-6,-1.7600000,
,,,261.99998683E-6,-1.9200000,
,,,264.00000206E-6,-2.0000000,
,,,265.99998819E-6,-2.0799999,
,,,268.00000342E-6,-2.1599998,
,,,269.99998954E-6,-2.3199999,
,,,272.00000477E-6,-2.3999999,
,,,273.99999090E-6,-2.4800000,
,,,276.00000612E-6,-2.5599999,
,,,277.99999225E-6,-2.6399999,
,,,280.00000748E-6,-2.79999995,
,,,281.99999360E-6,-2.79999995,
,,,283.99997973E-6,-2.87999988,
,,,285.99999496E-6,-2.96000004,
,,,287.99998108E-6,-3.03999996,
,,,289.99999631E-6,-3.11999989,
,,,291.99998244E-6,-3.19999981,
,,,293.99999767E-6,-3.27999997,
,,,295.99998379E-6,-3.27999997,
,,,297.99999902E-6,-3.35999990,
,,,299.99998515E-6,-3.43999982,
,,,302.00000037E-6,-3.43999982,
,,,303.99998650E-6,-3.43999982,
,,,306.00000173E-6,-3.51999998,
,,,307.99998785E-6,-3.59999990,
,,,310.00000308E-6,-3.67999983,
,,,311.99998921E-6,-3.67999983,
,,,314.00000444E-6,-3.75999999,
,,,315.99999056E-6,-3.75999999,
,,,318.00000579E-6,-3.75999999,
,,,319.99999192E-6,-3.75999999,
,,,322.00000715E-6,-3.75999999,
,,,323.99999327E-6,-3.83999991,
,,,325.99997940E-6,-3.83999991,
,,,327.99999462E-6,-3.83999991,
,,,329.99998075E-6,-3.83999991,
,,,331.99999598E-6,-3.83999991,
,,,333.99998210E-6,-3.83999991,
,,,335.99999733E-6,-3.83999991,
,,,337.99998346E-6,-3.83999991,
,,,339.99999869E-6,-3.83999991,
,,,341.99998481E-6,-3.75999999,
,,,344.00000004E-6,-3.75999999,
,,,345.99998617E-6,-3.75999999,
,,,348.00000140E-6,-3.67999983,
,,,349.99998752E-6,-3.67999983,
,,,352.00000275E-6,-3.67999983,
,,,353.99998887E-6,-3.59999990,
,,,356.00000410E-6,-3.59999990,
,,,357.99999023E-6,-3.51999998,
,,,360.00000546E-6,-3.43999982,
,,,361.99999158E-6,-3.43999982,
,,,364.00000681E-6,-3.43999982,
,,,365.99999294E-6,-3.35999990,
,,,368.00000817E-6,-3.27999997,
,,,369.99999429E-6,-3.19999981,
,,,371.99998042E-6,-3.19999981,
,,,373.99999565E-6,-3.11999989,
,,,375.99998177E-6,-3.03999996,
,,,377.99999700E-6,-2.96000004,
,,,379.99998312E-6,-2.87999988,
,,,381.99999835E-6,-2.79999995,
,,,383.99998448E-6,-2.72000003,
,,,385.99999971E-6,-2.72000003,
,,,387.99998583E-6,-2.5599999,
,,,390.00000106E-6,-2.4800000,
,,,391.99998719E-6,-2.3999999,
,,,394.00000242E-6,-2.3199999,
,,,395.99998854E-6,-2.2400000,
,,,398.00000377E-6,-2.0799999,
,,,399.99998990E-6,-2.0000000,
,,,402.00000512E-6,-1.9200000,
,,,403.999991249E-6,-1.8399999,
,,,406.000006478E-6,-1.7600000,
,,,407.999992603E-6,-1.6799999,
,,,410.000007832E-6,-1.5200000,
,,,411.999993958E-6,-1.4399999,
,,,413.999980083E-6,-1.3600000,
,,,415.999995312E-6,-1.2800000,
,,,417.999981437E-6,-1.0400000,
,,,419.999996666E-6,-959.999978542E-3,
,,,421.999982791E-6,-879.999995232E-3,
,,,423.999998020E-6,-719.999969006E-3,
,,,425.999984145E-6,-639.999985695E-3,
,,,427.999999374E-6,-560.000002384E-3,
,,,429.999985499E-6,-399.99997616E-3,
,,,432.000000728E-6,-319.99999285E-3,
,,,433.999986853E-6,-239.99999464E-3,
,,,436.000002082E-6,-79.999998212E-3,
,,,437.999988208E-6,79.999998212E-3,
,,,440.000003437E-6,79.999998212E-3,
,,,441.999989562E-6,239.99999464E-3,
,,,444.000004791E-6,399.99997616E-3,
,,,445.999990916E-6,479.999989271E-3,
,,,448.000006145E-6,560.000002384E-3,
,,,449.999992270E-6,719.999969006E-3,
,,,452.000007499E-6,799.999952316E-3,
,,,453.999993624E-6,879.999995232E-3,
,,,455.999979749E-6,1.0400000,
,,,457.999994978E-6,1.1200000,
,,,459.999981103E-6,1.2800000,
,,,461.999996332E-6,1.3600000,
,,,463.999982458E-6,1.4399999,
,,,465.999997687E-6,1.5999999,
,,,467.999983812E-6,1.6799999,
,,,469.999999041E-6,1.7600000,
,,,471.999985166E-6,1.8399999,
,,,474.000000395E-6,2.0000000,
,,,475.999986520E-6,2.0799999,
,,,478.000001749E-6,2.1599998,
,,,479.999987874E-6,2.3199999,
,,,482.000003103E-6,2.3199999,
,,,483.999989228E-6,2.4800000,
,,,486.000004457E-6,2.5599999,
,,,487.999990582E-6,2.6399999,
,,,490.000005811E-6,2.72000003,
,,,492.000021040E-6,2.79999995,
,,,493.999978062E-6,2.87999988,
,,,495.999993291E-6,2.96000004,
,,,498.000008520E-6,3.03999996,
,,,499.999965541E-6,3.11999989,
,,,501.999980770E-6,3.19999981,
,,,503.999995999E-6,3.19999981,
,,,506.000011228E-6,3.27999997,
,,,507.999968249E-6,3.35999990,
,,,509.999983478E-6,3.43999982,
,,,511.999998707E-6,3.43999982,
,,,514.000013936E-6,3.51999998,
,,,515.999970958E-6,3.59999990,
,,,517.999986187E-6,3.59999990,
,,,520.000001416E-6,3.67999983,
,,,522.000016645E-6,3.67999983,
,,,523.999973666E-6,3.75999999,
,,,525.999988895E-6,3.75999999,
,,,528.000004124E-6,3.75999999,
,,,530.000019353E-6,3.83999991,
,,,531.999976374E-6,3.91999984,
,,,533.999991603E-6,3.83999991,
,,,536.000006832E-6,3.91999984,
,,,538.000022061E-6,3.91999984,
,,,539.999979082E-6,3.91999984,
,,,541.999994311E-6,3.91999984,
,,,544.000009540E-6,3.91999984,
,,,545.999966562E-6,4.00000000,
,,,547.999981791E-6,3.91999984,
,,,549.999997020E-6,3.91999984,
,,,552.000012249E-6,3.91999984,
,,,553.999969270E-6,3.91999984,
,,,555.999984499E-6,3.91999984,
,,,557.999999728E-6,3.91999984,
,,,560.000014957E-6,3.91999984,
,,,561.999971978E-6,3.91999984,
,,,563.999987207E-6,3.83999991,
,,,566.000002436E-6,3.83999991,
,,,568.000017665E-6,3.75999999,
,,,569.999974687E-6,3.75999999,
,,,571.999989916E-6,3.75999999,
,,,574.000005145E-6,3.67999983,
,,,576.000020374E-6,3.59999990,
,,,577.999977395E-6,3.59999990,
,,,579.999992624E-6,3.51999998,
,,,582.000007853E-6,3.43999982,
,,,583.999964874E-6,3.43999982,
,,,585.999980103E-6,3.35999990,
,,,587.999995332E-6,3.27999997,
,,,590.000010561E-6,3.27999997,
,,,591.999967583E-6,3.19999981,
,,,593.999982812E-6,3.11999989,
,,,595.999998040E-6,3.03999996,
,,,598.000013269E-6,3.03999996,
,,,599.999970291E-6,2.87999988,
,,,601.999985520E-6,2.87999988,
,,,604.000000749E-6,2.79999995,
,,,606.000015978E-6,2.6399999,
,,,607.999972999E-6,2.6399999,
,,,609.999988228E-6,2.4800000,
,,,612.000003457E-6,2.4800000,
,,,614.000018686E-6,2.3999999,
,,,615.999975707E-6,2.2400000,
,,,617.999990936E-6,2.1599998,
,,,620.000006165E-6,2.0799999,
,,,622.000021394E-6,1.9200000,
,,,623.999978416E-6,1.8399999,
,,,625.999993645E-6,1.7600000,
,,,628.000008874E-6,1.6799999,
,,,629.999965895E-6,1.5999999,
,,,631.999981124E-6,1.5200000,
,,,633.999996353E-6,1.3600000,
,,,636.000011582E-6,1.2800000,
,,,637.999968603E-6,1.1999999,
,,,639.999983832E-6,1.1200000,
,,,641.999999061E-6,959.999978542E-3,
,,,644.000014290E-6,879.999995232E-3,
,,,645.999971312E-6,799.999952316E-3,
,,,647.999986541E-6,639.999985695E-3,
,,,650.000001770E-6,560.000002384E-3,
,,,652.000016998E-6,399.99997616E-3,
,,,653.999974020E-6,319.99999285E-3,
,,,655.999989249E-6,239.99999464E-3,
,,,658.000004478E-6,79.999998212E-3,
,,,660.000019707E-6,0.0,
,,,661.999976728E-6,-79.999998212E-3,
,,,663.999991957E-6,-159.99999642E-3,
,,,666.000007186E-6,-239.99999464E-3,
,,,667.999964207E-6,-399.99997616E-3,
,,,669.999979436E-6,-479.999989271E-3,
,,,671.999994665E-6,-560.000002384E-3,
,,,674.000009894E-6,-719.999969006E-3,
,,,675.999966916E-6,-799.999952316E-3,
,,,677.999982145E-6,-959.999978542E-3,
,,,679.999997374E-6,-1.0400000,
,,,682.000012603E-6,-1.1200000,
,,,683.999969624E-6,-1.1999999,
,,,685.999984853E-6,-1.2800000,
,,,688.000000082E-6,-1.4399999,
,,,690.000015311E-6,-1.4399999,
,,,691.999972332E-6,-1.5999999,
,,,693.999987561E-6,-1.6799999,
,,,696.000002790E-6,-1.7600000,
,,,698.000018019E-6,-1.8399999,
,,,699.999975041E-6,-2.0000000,
,,,701.999990270E-6,-2.0000000,
,,,704.000005499E-6,-2.0799999,
,,,706.000020728E-6,-2.1599998,
,,,707.999977749E-6,-2.2400000,
,,,709.999992978E-6,-2.3199999,
,,,712.000008207E-6,-2.3999999,
,,,713.999965228E-6,-2.4800000,
,,,715.999980457E-6,-2.4800000,
,,,717.999995686E-6,-2.5599999,
,,,720.000010915E-6,-2.6399999,
,,,721.999967936E-6,-2.72000003,
,,,723.999983165E-6,-2.72000003,
,,,725.999998394E-6,-2.79999995,
,,,728.000013623E-6,-2.87999988,
,,,729.999970645E-6,-2.96000004,
,,,731.999985874E-6,-2.96000004,
,,,734.000001103E-6,-2.96000004,
,,,736.000016332E-6,-3.03999996,
,,,737.999973353E-6,-3.11999989,
,,,739.999988582E-6,-3.11999989,
,,,742.000003811E-6,-3.11999989,
,,,744.000019040E-6,-3.19999981,
,,,745.999976061E-6,-3.19999981,
,,,747.999991290E-6,-3.19999981,
,,,750.000006519E-6,-3.27999997,
,,,752.000021748E-6,-3.27999997,
,,,753.999978770E-6,-3.27999997,
,,,755.999993999E-6,-3.27999997,
,,,758.000009228E-6,-3.27999997,
,,,759.999966249E-6,-3.27999997,
,,,761.999981478E-6,-3.27999997,
,,,763.999996707E-6,-3.27999997,
,,,766.000011936E-6,-3.27999997,
,,,767.999968957E-6,-3.35999990,
,,,769.999984186E-6,-3.27999997,
,,,771.999999415E-6,-3.27999997,
,,,774.000014644E-6,-3.19999981,
,,,775.999971665E-6,-3.19999981,
,,,777.999986894E-6,-3.19999981,
,,,780.000002123E-6,-3.19999981,
,,,782.000017352E-6,-3.19999981,
,,,783.999974374E-6,-3.11999989,
,,,785.999989603E-6,-3.11999989,
,,,788.000004832E-6,-3.11999989,
,,,790.000020061E-6,-2.96000004,
,,,791.999977082E-6,-2.96000004,
,,,793.999992311E-6,-2.96000004,
,,,796.000007540E-6,-2.87999988,
,,,797.999964561E-6,-2.87999988,
,,,799.999979790E-6,-2.79999995,
,,,801.999995019E-6,-2.79999995,
,,,804.000010248E-6,-2.72000003,
,,,805.999967270E-6,-2.6399999,
,,,807.999982499E-6,-2.5599999,
,,,809.999997728E-6,-2.5599999,
,,,812.000012957E-6,-2.4800000,
,,,813.999969978E-6,-2.3199999,
,,,815.999985207E-6,-2.3199999,
,,,818.000000436E-6,-2.2400000,
,,,820.000015665E-6,-2.1599998,
,,,821.999972686E-6,-2.0799999,
,,,823.999987915E-6,-2.0000000,
,,,826.000003144E-6,-1.9200000,
,,,828.000018373E-6,-1.9200000,
,,,829.999975394E-6,-1.7600000,
,,,831.999990623E-6,-1.6799999,
,,,834.000005852E-6,-1.5200000,
,,,836.000021081E-6,-1.5200000,
,,,837.999978103E-6,-1.4399999,
,,,839.999993332E-6,-1.3600000,
,,,842.000008561E-6,-1.1999999,
,,,843.999965582E-6,-1.1999999,
,,,845.999980811E-6,-1.0400000,
,,,847.999996040E-6,-959.999978542E-3,
,,,850.000011269E-6,-879.999995232E-3,
,,,851.999968290E-6,-719.999969006E-3,
,,,853.999983519E-6,-719.999969006E-3,
,,,855.999998748E-6,-560.000002384E-3,
,,,858.000013977E-6,-479.999989271E-3,
,,,859.999970999E-6,-319.99999285E-3,
,,,861.999986228E-6,-319.99999285E-3,
,,,864.000001457E-6,-159.99999642E-3,
,,,866.000016686E-6,-79.999998212E-3,
,,,867.999973707E-6,0.0,
,,,869.999988936E-6,79.999998212E-3,
,,,872.000004165E-6,239.99999464E-3,
,,,874.000019394E-6,319.99999285E-3,
,,,875.999976415E-6,399.99997616E-3,
,,,877.999991644E-6,479.999989271E-3,
,,,880.000006873E-6,560.000002384E-3,
,,,881.999963894E-6,639.999985695E-3,
,,,883.999979123E-6,799.999952316E-3,
,,,885.999994352E-6,879.999995232E-3,
,,,888.000009581E-6,959.999978542E-3,
,,,889.999966603E-6,1.0400000,
,,,891.999981832E-6,1.1999999,
,,,893.999997061E-6,1.2800000,
,,,896.000012290E-6,1.3600000,
,,,897.999969311E-6,1.4399999,
,,,899.999984540E-6,1.5999999,
,,,901.999999769E-6,1.6799999,
,,,904.000014998E-6,1.7600000,
,,,905.999972019E-6,1.7600000,
,,,907.999987248E-6,1.8399999,
,,,910.000002477E-6,1.9200000,
,,,912.000017706E-6,2.0000000,
,,,913.999974728E-6,2.1599998,
,,,915.999989957E-6,2.2400000,
,,,918.000005186E-6,2.2400000,
,,,920.000020415E-6,2.3999999,
,,,921.999977436E-6,2.3999999,
,,,923.999992665E-6,2.4800000,
,,,926.000007894E-6,2.5599999,
,,,927.999964915E-6,2.6399999,
,,,929.999980144E-6,2.72000003,
,,,931.999995373E-6,2.79999995,
,,,934.000010602E-6,2.79999995,
,,,935.999967624E-6,2.87999988,
,,,937.999982852E-6,2.96000004,
,,,939.999998081E-6,2.96000004,
,,,942.000013310E-6,3.03999996,
,,,943.999970332E-6,3.11999989,
,,,945.999985561E-6,3.11999989,
,,,948.000000790E-6,3.11999989,
,,,950.000016019E-6,3.19999981,
,,,951.999973040E-6,3.27999997,
,,,953.999988269E-6,3.27999997,
,,,956.000003498E-6,3.27999997,
,,,958.000018727E-6,3.35999990,
,,,959.999975748E-6,3.35999990,
,,,961.999990977E-6,3.35999990,
,,,964.000006206E-6,3.35999990,
,,,965.999963228E-6,3.43999982,
,,,967.999978457E-6,3.43999982,
,,,969.999993686E-6,3.43999982,
,,,972.000008915E-6,3.43999982,
,,,973.999965936E-6,3.43999982,
,,,975.999981165E-6,3.43999982,
,,,977.999996394E-6,3.43999982,
,,,980.000011623E-6,3.43999982,
,,,982.000026852E-6,3.43999982,
,,,984.000042081E-6,3.43999982,
,,,985.999940895E-6,3.43999982,
,,,987.999956124E-6,3.43999982,
,,,989.999971353E-6,3.35999990,
,,,991.999986582E-6,3.43999982,
,,,994.000001810E-6,3.35999990,
,,,996.000017039E-6,3.35999990,
,,,998.000032268E-6,3.27999997,
,,,1.0000000E-3,3.27999997,
,,,1.0019999E-3,3.27999997,
,,,1.0040000E-3,3.19999981,
,,,1.0060000E-3,3.19999981,
,,,1.0080000E-3,3.19999981,
,,,1.0100000E-3,3.11999989,
,,,1.0120000E-3,3.03999996,
,,,1.0140000E-3,3.03999996,
,,,1.0159999E-3,3.03999996,
,,,1.0180000E-3,2.96000004,
,,,1.0200000E-3,2.87999988,
,,,1.0220000E-3,2.87999988,
,,,1.0240000E-3,2.79999995,
,,,1.0260000E-3,2.72000003,
,,,1.0280000E-3,2.6399999,
,,,1.0300000E-3,2.5599999,
,,,1.0319999E-3,2.5599999,
,,,1.0340000E-3,2.4800000,
,,,1.0360000E-3,2.3999999,
,,,1.0380000E-3,2.3199999,
,,,1.0400000E-3,2.2400000,
,,,1.0420000E-3,2.1599998,
,,,1.0440000E-3,2.0799999,
,,,1.0460000E-3,2.0000000,
,,,1.0479999E-3,1.9200000,
,,,1.0500000E-3,1.8399999,
,,,1.0520000E-3,1.7600000,
,,,1.0540000E-3,1.6799999,
,,,1.0560000E-3,1.6799999,
,,,1.0580000E-3,1.5200000,
,,,1.0600000E-3,1.4399999,
,,,1.0619999E-3,1.3600000,
,,,1.0640000E-3,1.2800000,
,,,1.0660000E-3,1.1999999,
,,,1.0680000E-3,1.0400000,
,,,1.0700000E-3,959.999978542E-3,
,,,1.0720000E-3,879.999995232E-3,
,,,1.0740000E-3,879.999995232E-3,
,,,1.0760000E-3,719.999969006E-3,
,,,1.0779999E-3,639.999985695E-3,
,,,1.0800000E-3,560.000002384E-3,
,,,1.0820000E-3,479.999989271E-3,
,,,1.0840000E-3,319.99999285E-3,
,,,1.0860000E-3,239.99999464E-3,
,,,1.0880000E-3,159.99999642E-3,
,,,1.0900000E-3,79.999998212E-3,
,,,1.0920000E-3,0.0,
,,,1.0939999E-3,-79.999998212E-3,
,,,1.0960000E-3,-159.99999642E-3,
,,,1.0980000E-3,-239.99999464E-3,
,,,1.1000000E-3,-319.99999285E-3,
,,,1.1020000E-3,-399.99997616E-3,
,,,1.1040000E-3,-560.000002384E-3,
,,,1.1060000E-3,-639.999985695E-3,
,,,1.1079999E-3,-719.999969006E-3,
,,,1.1100000E-3,-879.999995232E-3,
,,,1.1120000E-3,-879.999995232E-3,
,,,1.1140000E-3,-959.999978542E-3,
,,,1.1160000E-3,-1.0400000,
,,,1.1180000E-3,-1.1999999,
,,,1.1200000E-3,-1.2800000,
,,,1.1220000E-3,-1.3600000,
,,,1.1239999E-3,-1.3600000,
,,,1.1260000E-3,-1.4399999,
,,,1.1280000E-3,-1.5200000,
,,,1.1300000E-3,-1.5999999,
,,,1.1320000E-3,-1.6799999,
,,,1.1340000E-3,-1.7600000,
,,,1.1360000E-3,-1.8399999,
,,,1.1379999E-3,-1.8399999,
,,,1.1399999E-3,-1.9200000,
,,,1.1420000E-3,-2.0000000,
,,,1.1440000E-3,-2.0799999,
,,,1.1460000E-3,-2.0799999,
,,,1.1480000E-3,-2.1599998,
,,,1.1500000E-3,-2.2400000,
,,,1.1520000E-3,-2.2400000,
,,,1.1539999E-3,-2.3199999,
,,,1.1560000E-3,-2.3999999,
,,,1.1580000E-3,-2.3999999,
,,,1.1600000E-3,-2.4800000,
,,,1.1620000E-3,-2.5599999,
,,,1.1640000E-3,-2.6399999,
,,,1.1660000E-3,-2.6399999,
,,,1.1680000E-3,-2.6399999,
,,,1.1699999E-3,-2.72000003,
,,,1.1720000E-3,-2.72000003,
,,,1.1740000E-3,-2.72000003,
,,,1.1760000E-3,-2.72000003,
,,,1.1780000E-3,-2.79999995,
,,,1.1800000E-3,-2.79999995,
,,,1.1820000E-3,-2.79999995,
,,,1.1839999E-3,-2.79999995,
,,,1.1860000E-3,-2.79999995,
,,,1.1880000E-3,-2.87999988,
,,,1.1900000E-3,-2.79999995,
,,,1.1920000E-3,-2.87999988,
,,,1.1940000E-3,-2.87999988,
,,,1.1960000E-3,-2.79999995,
,,,1.1980000E-3,-2.87999988,
,,,1.1999999E-3,-2.87999988,
,,,1.2020000E-3,-2.87999988,
,,,1.2040000E-3,-2.87999988,
,,,1.2060000E-3,-2.79999995,
,,,1.2080000E-3,-2.79999995,
,,,1.2100000E-3,-2.72000003,
,,,1.2120000E-3,-2.72000003,
,,,1.2140000E-3,-2.72000003,
,,,1.2159999E-3,-2.72000003,
,,,1.2180000E-3,-2.6399999,
,,,1.2200000E-3,-2.6399999,
,,,1.2220000E-3,-2.5599999,
,,,1.2240000E-3,-2.5599999,
,,,1.2260000E-3,-2.5599999,
,,,1.2280000E-3,-2.4800000,
,,,1.2299999E-3,-2.3999999,
,,,1.2320000E-3,-2.3999999,
,,,1.2340000E-3,-2.3199999,
,,,1.2360000E-3,-2.3199999,
,,,1.2380000E-3,-2.2400000,
,,,1.2400000E-3,-2.1599998,
,,,1.2420000E-3,-2.1599998,
,,,1.2440000E-3,-2.0799999,
,,,1.2459999E-3,-2.0000000,
,,,1.2480000E-3,-1.9200000,
,,,1.2500000E-3,-1.8399999,
,,,1.2520000E-3,-1.8399999,
,,,1.2540000E-3,-1.7600000,
,,,1.2560000E-3,-1.6799999,
,,,1.2580000E-3,-1.5999999,
,,,1.2600000E-3,-1.5200000,
,,,1.2619999E-3,-1.5200000,
,,,1.2640000E-3,-1.4399999,
,,,1.2660000E-3,-1.3600000,
,,,1.2680000E-3,-1.2800000,
,,,1.2700000E-3,-1.1999999,
,,,1.2720000E-3,-1.1200000,
,,,1.2740000E-3,-1.0400000,
,,,1.2759999E-3,-959.999978542E-3,
,,,1.2780000E-3,-879.999995232E-3,
,,,1.2800000E-3,-799.999952316E-3,
,,,1.2820000E-3,-719.999969006E-3,
,,,1.2840000E-3,-639.999985695E-3,
,,,1.2860000E-3,-479.999989271E-3,
,,,1.2880000E-3,-399.99997616E-3,
,,,1.2900000E-3,-319.99999285E-3,
,,,1.2919999E-3,-239.99999464E-3,
,,,1.2940000E-3,-159.99999642E-3,
,,,1.2960000E-3,-79.999998212E-3,
,,,1.2980000E-3,0.0,
,,,1.3000000E-3,79.999998212E-3,
,,,1.3020000E-3,159.99999642E-3,
,,,1.3040000E-3,239.99999464E-3,
,,,1.3060000E-3,319.99999285E-3,
,,,1.3079999E-3,399.99997616E-3,
,,,1.3100000E-3,479.999989271E-3,
,,,1.3120000E-3,560.000002384E-3,
,,,1.3140000E-3,719.999969006E-3,
,,,1.3160000E-3,719.999969006E-3,
,,,1.3180000E-3,799.999952316E-3,
,,,1.3200000E-3,959.999978542E-3,
,,,1.3219999E-3,959.999978542E-3,
,,,1.3240000E-3,1.1200000,
,,,1.3260000E-3,1.1999999,
,,,1.3280000E-3,1.1999999,
,,,1.3300000E-3,1.3600000,
,,,1.3320000E-3,1.4399999,
,,,1.3340000E-3,1.5200000,
,,,1.3360000E-3,1.5999999,
,,,1.3379999E-3,1.6799999,
,,,1.3400000E-3,1.6799999,
,,,1.3420000E-3,1.8399999,
,,,1.3440000E-3,1.8399999,
,,,1.3460000E-3,1.9200000,
,,,1.3480000E-3,1.9200000,
,,,1.3500000E-3,2.0799999,
,,,1.3519999E-3,2.0799999,
,,,1.3539999E-3,2.1599998,
,,,1.3560000E-3,2.2400000,
,,,1.3580000E-3,2.2400000,
,,,1.3600000E-3,2.3999999,
,,,1.3620000E-3,2.3999999,
,,,1.3640000E-3,2.4800000,
,,,1.3660000E-3,2.4800000,
,,,1.3679999E-3,2.5599999,
,,,1.3700000E-3,2.5599999,
,,,1.3720000E-3,2.6399999,
,,,1.3740000E-3,2.72000003,
,,,1.3760000E-3,2.72000003,
,,,1.3780000E-3,2.72000003,
,,,1.3800000E-3,2.79999995,
,,,1.3820000E-3,2.79999995,
,,,1.3839999E-3,2.87999988,
,,,1.3860000E-3,2.87999988,
,,,1.3880000E-3,2.87999988,
,,,1.3900000E-3,2.96000004,
,,,1.3920000E-3,2.96000004,
,,,1.3940000E-3,3.03999996,
,,,1.3960000E-3,2.96000004,
,,,1.3979999E-3,2.96000004,
,,,1.4000000E-3,3.03999996,
,,,1.4020000E-3,3.03999996,
,,,1.4040000E-3,3.03999996,
,,,1.4060000E-3,3.03999996,
,,,1.4080000E-3,3.03999996,
,,,1.4100000E-3,3.03999996,
,,,1.4120000E-3,3.03999996,
,,,1.4139999E-3,3.03999996,
,,,1.4160000E-3,3.03999996,
,,,1.4180000E-3,3.03999996,
,,,1.4200000E-3,3.03999996,
,,,1.4220000E-3,3.03999996,
,,,1.4240000E-3,2.96000004,
,,,1.4260000E-3,2.96000004,
,,,1.4280000E-3,2.96000004,
,,,1.4299999E-3,2.87999988,
,,,1.4320000E-3,2.87999988,
,,,1.4340000E-3,2.87999988,
,,,1.4360000E-3,2.79999995,
,,,1.4380000E-3,2.79999995,
,,,1.4400000E-3,2.79999995,
,,,1.4420000E-3,2.72000003,
,,,1.4439999E-3,2.72000003,
,,,1.4460000E-3,2.6399999,
,,,1.4480000E-3,2.6399999,
,,,1.4500000E-3,2.5599999,
,,,1.4520000E-3,2.4800000,
,,,1.4540000E-3,2.4800000,
,,,1.4560000E-3,2.3999999,
,,,1.4580000E-3,2.3999999,
,,,1.4599999E-3,2.3199999,
,,,1.4620000E-3,2.3199999,
,,,1.4640000E-3,2.1599998,
,,,1.4660000E-3,2.1599998,
,,,1.4680000E-3,2.0799999,
,,,1.4700000E-3,2.0000000,
,,,1.4720000E-3,1.9200000,
,,,1.4740000E-3,1.8399999,
,,,1.4759999E-3,1.8399999,
,,,1.4780000E-3,1.7600000,
,,,1.4800000E-3,1.6799999,
,,,1.4820000E-3,1.5999999,
,,,1.4840000E-3,1.5200000,
,,,1.4860000E-3,1.5200000,
,,,1.4880000E-3,1.3600000,
,,,1.4899999E-3,1.3600000,
,,,1.4920000E-3,1.1999999,
,,,1.4940000E-3,1.1200000,
,,,1.4960000E-3,1.0400000,
,,,1.4980000E-3,959.999978542E-3,
,,,1.5000000E-3,879.999995232E-3,
,,,1.5020000E-3,879.999995232E-3,
,,,1.5040000E-3,799.999952316E-3,
,,,1.5059999E-3,719.999969006E-3,
,,,1.5080000E-3,639.999985695E-3,
,,,1.5100000E-3,560.000002384E-3,
,,,1.5120000E-3,479.999989271E-3,
,,,1.5140000E-3,399.99997616E-3,
,,,1.5160000E-3,239.99999464E-3,
,,,1.5180000E-3,239.99999464E-3,
,,,1.5199999E-3,159.99999642E-3,
,,,1.5219999E-3,79.999998212E-3,
,,,1.5240000E-3,0.0,
,,,1.5260000E-3,-79.999998212E-3,
,,,1.5280000E-3,-159.99999642E-3,
,,,1.5300000E-3,-239.99999464E-3,
,,,1.5320000E-3,-319.99999285E-3,
,,,1.5340000E-3,-399.99997616E-3,
,,,1.5359999E-3,-479.999989271E-3,
,,,1.5380000E-3,-560.000002384E-3,
,,,1.5400000E-3,-639.999985695E-3,
,,,1.5420000E-3,-719.999969006E-3,
,,,1.5440000E-3,-799.999952316E-3,
,,,1.5460000E-3,-879.999995232E-3,
,,,1.5480000E-3,-959.999978542E-3,
,,,1.5500000E-3,-1.0400000,
,,,1.5519999E-3,-1.0400000,
,,,1.5540000E-3,-1.1999999,
,,,1.5560000E-3,-1.1999999,
,,,1.5580000E-3,-1.2800000,
,,,1.5600000E-3,-1.3600000,
,,,1.5620000E-3,-1.3600000,
,,,1.5640000E-3,-1.4399999,
,,,1.5659999E-3,-1.5200000,
,,,1.5679999E-3,-1.5999999,
,,,1.5700000E-3,-1.6799999,
,,,1.5720000E-3,-1.6799999,
,,,1.5740000E-3,-1.7600000,
,,,1.5760000E-3,-1.7600000,
,,,1.5780000E-3,-1.8399999,
,,,1.5800000E-3,-1.8399999,
,,,1.5819999E-3,-2.0000000,
,,,1.5840000E-3,-2.0000000,
,,,1.5860000E-3,-2.0799999,
,,,1.5880000E-3,-2.0799999,
,,,1.5900000E-3,-2.0799999,
,,,1.5920000E-3,-2.0799999,
,,,1.5940000E-3,-2.2400000,
,,,1.5960000E-3,-2.2400000,
,,,1.5979999E-3,-2.2400000,
,,,1.6000000E-3,-2.2400000,
,,,1.6020000E-3,-2.3199999,
,,,1.6040000E-3,-2.3199999,
,,,1.6060000E-3,-2.3999999,
,,,1.6080000E-3,-2.3999999,
,,,1.6100000E-3,-2.3199999,
,,,1.6119999E-3,-2.3999999,
,,,1.6139999E-3,-2.4800000,
,,,1.6160000E-3,-2.4800000,
,,,1.6180000E-3,-2.4800000,
,,,1.6200000E-3,-2.4800000,
,,,1.6220000E-3,-2.3999999,
,,,1.6240000E-3,-2.4800000,
,,,1.6260000E-3,-2.4800000,
,,,1.6279999E-3,-2.3999999,
,,,1.6300000E-3,-2.4800000,
,,,1.6320000E-3,-2.4800000,
,,,1.6340000E-3,-2.3999999,
,,,1.6360000E-3,-2.3999999,
,,,1.6380000E-3,-2.3999999,
,,,1.6400000E-3,-2.3999999,
,,,1.6420000E-3,-2.3199999,
,,,1.6439999E-3,-2.3199999,
,,,1.6460000E-3,-2.3199999,
,,,1.6480000E-3,-2.3199999,
,,,1.6500000E-3,-2.2400000,
,,,1.6520000E-3,-2.2400000,
,,,1.6540000E-3,-2.2400000,
,,,1.6560000E-3,-2.1599998,
,,,1.6579999E-3,-2.1599998,
,,,1.6600000E-3,-2.1599998,
,,,1.6620000E-3,-2.0799999,
,,,1.6640000E-3,-2.0000000,
,,,1.6660000E-3,-2.0000000,
,,,1.6680000E-3,-1.9200000,
,,,1.6700000E-3,-1.8399999,
,,,1.6720000E-3,-1.8399999,
,,,1.6739999E-3,-1.7600000,
,,,1.6760000E-3,-1.7600000,
,,,1.6780000E-3,-1.6799999,
,,,1.6800000E-3,-1.6799999,
,,,1.6820000E-3,-1.5999999,
,,,1.6840000E-3,-1.5200000,
,,,1.6860000E-3,-1.5200000,
,,,1.6880000E-3,-1.4399999,
,,,1.6899999E-3,-1.3600000,
,,,1.6920000E-3,-1.2800000,
,,,1.6940000E-3,-1.2800000,
,,,1.6960000E-3,-1.1999999,
,,,1.6980000E-3,-1.1200000,
,,,1.7000000E-3,-1.0400000,
,,,1.7020000E-3,-959.999978542E-3,
,,,1.7039999E-3,-879.999995232E-3,
,,,1.7060000E-3,-799.999952316E-3,
,,,1.7080000E-3,-719.999969006E-3,
,,,1.7100000E-3,-639.999985695E-3,
,,,1.7120000E-3,-560.000002384E-3,
,,,1.7140000E-3,-560.000002384E-3,
,,,1.7160000E-3,-479.999989271E-3,
,,,1.7180000E-3,-399.99997616E-3,
,,,1.7199999E-3,-319.99999285E-3,
,,,1.7220000E-3,-239.99999464E-3,
,,,1.7240000E-3,-159.99999642E-3,
,,,1.7260000E-3,-79.999998212E-3,
,,,1.7280000E-3,0.0,
,,,1.7300000E-3,0.0,
,,,1.7320000E-3,79.999998212E-3,
,,,1.7339999E-3,159.99999642E-3,
,,,1.7359999E-3,319.99999285E-3,
,,,1.7380000E-3,319.99999285E-3,
,,,1.7400000E-3,399.99997616E-3,
,,,1.7420000E-3,479.999989271E-3,
,,,1.7440000E-3,560.000002384E-3,
,,,1.7460000E-3,639.999985695E-3,
,,,1.7480000E-3,719.999969006E-3,
,,,1.7499999E-3,799.999952316E-3,
,,,1.7520000E-3,879.999995232E-3,
,,,1.7540000E-3,959.999978542E-3,
,,,1.7560000E-3,959.999978542E-3,
,,,1.7580000E-3,1.0400000,
,,,1.7600000E-3,1.1999999,
,,,1.7620000E-3,1.1999999,
,,,1.7640000E-3,1.2800000,
,,,1.7659999E-3,1.3600000,
,,,1.7680000E-3,1.3600000,
,,,1.7700000E-3,1.5200000,
,,,1.7720000E-3,1.5999999,
,,,1.7740000E-3,1.5999999,
,,,1.7760000E-3,1.6799999,
,,,1.7780000E-3,1.6799999,
,,,1.7799999E-3,1.7600000,
,,,1.7819999E-3,1.7600000,
,,,1.7840000E-3,1.8399999,
,,,1.7860000E-3,1.9200000,
,,,1.7880000E-3,2.0000000,
,,,1.7900000E-3,2.0000000,
,,,1.7920000E-3,2.0000000,
,,,1.7940000E-3,2.1599998,
,,,1.7959999E-3,2.1599998,
,,,1.7980000E-3,2.2400000,
,,,1.8000000E-3,2.2400000,
,,,1.8020000E-3,2.3199999,
,,,1.8040000E-3,2.3999999,
,,,1.8060000E-3,2.3999999,
,,,1.8080000E-3,2.3999999,
,,,1.8100000E-3,2.3999999,
,,,1.8119999E-3,2.4800000,
,,,1.8140000E-3,2.4800000,
,,,1.8160000E-3,2.4800000,
,,,1.8180000E-3,2.5599999,
,,,1.8200000E-3,2.5599999,
,,,1.8220000E-3,2.5599999,
,,,1.8240000E-3,2.5599999,
,,,1.8259999E-3,2.6399999,
,,,1.8279999E-3,2.6399999,
,,,1.8300000E-3,2.6399999,
,,,1.8320000E-3,2.6399999,
,,,1.8340000E-3,2.6399999,
,,,1.8360000E-3,2.6399999,
,,,1.8380000E-3,2.6399999,
,,,1.8400000E-3,2.6399999,
,,,1.8419999E-3,2.72000003,
,,,1.8440000E-3,2.6399999,
,,,1.8460000E-3,2.6399999,
,,,1.8480000E-3,2.6399999,
,,,1.8500000E-3,2.6399999,
,,,1.8520000E-3,2.6399999,
,,,1.8540000E-3,2.6399999,
,,,1.8560000E-3,2.6399999,
,,,1.8579999E-3,2.5599999,
,,,1.8600000E-3,2.5599999,
,,,1.8620000E-3,2.5599999,
,,,1.8640000E-3,2.4800000,
,,,1.8660000E-3,2.4800000,
,,,1.8680000E-3,2.4800000,
,,,1.8700000E-3,2.4800000,
,,,1.8719999E-3,2.4800000,
,,,1.8740000E-3,2.3999999,
,,,1.8760000E-3,2.3199999,
,,,1.8780000E-3,2.3199999,
,,,1.8800000E-3,2.3199999,
,,,1.8820000E-3,2.2400000,
,,,1.8840000E-3,2.1599998,
,,,1.8860000E-3,2.0799999,
,,,1.8879999E-3,2.0799999,
,,,1.8900000E-3,2.0799999,
,,,1.8920000E-3,2.0000000,
,,,1.8940000E-3,1.9200000,
,,,1.8960000E-3,1.9200000,
,,,1.8980000E-3,1.8399999,
,,,1.9000000E-3,1.7600000,
,,,1.9020000E-3,1.7600000,
,,,1.9039999E-3,1.6799999,
,,,1.9060000E-3,1.6799999,
,,,1.9080000E-3,1.5999999,
,,,1.9100000E-3,1.5200000,
,,,1.9120000E-3,1.5200000,
,,,1.9140000E-3,1.4399999,
,,,1.9160000E-3,1.2800000,
,,,1.9179999E-3,1.2800000,
,,,1.9200000E-3,1.1999999,
,,,1.9220000E-3,1.1200000,
,,,1.9240000E-3,1.0400000,
,,,1.9260000E-3,1.0400000,
,,,1.9280000E-3,959.999978542E-3,
,,,1.9300000E-3,879.999995232E-3,
,,,1.9320000E-3,799.999952316E-3,
,,,1.9339999E-3,719.999969006E-3,
,,,1.9360000E-3,719.999969006E-3,
,,,1.9380000E-3,560.000002384E-3,
,,,1.9400000E-3,479.999989271E-3,
,,,1.9420000E-3,479.999989271E-3,
,,,1.9440000E-3,399.99997616E-3,
,,,1.9460000E-3,319.99999285E-3,
,,,1.9479999E-3,319.99999285E-3,
,,,1.9499999E-3,159.99999642E-3,
,,,1.9520000E-3,79.999998212E-3,
,,,1.9540000E-3,79.999998212E-3,
,,,1.9560000E-3,0.0,
,,,1.9580000E-3,-79.999998212E-3,
,,,1.9600000E-3,-159.99999642E-3,
,,,1.9620000E-3,-239.99999464E-3,
,,,1.9640001E-3,-319.99999285E-3,
,,,1.9660001E-3,-319.99999285E-3,
,,,1.9680001E-3,-399.99997616E-3,
,,,1.9700001E-3,-479.999989271E-3,
,,,1.9719999E-3,-560.000002384E-3,
,,,1.9739999E-3,-639.999985695E-3,
,,,1.9759999E-3,-719.999969006E-3,
,,,1.9779999E-3,-799.999952316E-3,
,,,1.9799999E-3,-799.999952316E-3,
,,,1.9820000E-3,-959.999978542E-3,
,,,1.9840000E-3,-959.999978542E-3,
,,,1.9860000E-3,-959.999978542E-3,
,,,1.9880000E-3,-1.0400000,
,,,1.9900000E-3,-1.1200000,
,,,1.9920000E-3,-1.1999999,
,,,1.9940000E-3,-1.1999999,
,,,1.9960001E-3,-1.2800000,
,,,1.9980001E-3,-1.3600000,
,,,2.0000001E-3,-1.3600000,
,,,2.0019999E-3,-1.4399999,
,,,2.0039999E-3,-1.4399999,
,,,2.0059999E-3,-1.5200000,
,,,2.0079999E-3,-1.5999999,
,,,2.0099999E-3,-1.5999999,
,,,2.0120000E-3,-1.6799999,
,,,2.0140000E-3,-1.6799999,
,,,2.0160000E-3,-1.6799999,
,,,2.0180000E-3,-1.7600000,
,,,2.0200000E-3,-1.7600000,
,,,2.0220000E-3,-1.8399999,
,,,2.0240000E-3,-1.8399999,
,,,2.0260001E-3,-1.9200000,
,,,2.0280001E-3,-1.9200000,
,,,2.0300001E-3,-2.0000000,
,,,2.0320001E-3,-2.0000000,
,,,2.0339999E-3,-2.0000000,
,,,2.0359999E-3,-2.0000000,
,,,2.0379999E-3,-2.0000000,
,,,2.0399999E-3,-2.0799999,
,,,2.0419999E-3,-2.0799999,
,,,2.0440000E-3,-2.0799999,
,,,2.0460000E-3,-2.0799999,
,,,2.0480000E-3,-2.1599998,
,,,2.0500000E-3,-2.1599998,
,,,2.0520000E-3,-2.0799999,
,,,2.0540000E-3,-2.0799999,
,,,2.0560001E-3,-2.0799999,
,,,2.0580001E-3,-2.0799999,
,,,2.0600001E-3,-2.0799999,
,,,2.0620001E-3,-2.0799999,
,,,2.0639999E-3,-2.0799999,
,,,2.0659999E-3,-2.0799999,
,,,2.0679999E-3,-2.0799999,
,,,2.0699999E-3,-2.0799999,
,,,2.0719999E-3,-2.0799999,
,,,2.0740000E-3,-2.0000000,
,,,2.0760000E-3,-2.0000000,
,,,2.0780000E-3,-2.0000000,
,,,2.0800000E-3,-2.0000000,
,,,2.0820000E-3,-1.9200000,
,,,2.0840000E-3,-1.9200000,
,,,2.0860001E-3,-1.8399999,
,,,2.0880001E-3,-1.8399999,
,,,2.0900001E-3,-1.8399999,
,,,2.0920001E-3,-1.7600000,
,,,2.0939999E-3,-1.7600000,
,,,2.0959999E-3,-1.7600000,
,,,2.0979999E-3,-1.6799999,
,,,2.0999999E-3,-1.6799999,
,,,2.1019999E-3,-1.5999999,
,,,2.1040000E-3,-1.5999999,
,,,2.1060000E-3,-1.5200000,
,,,2.1080000E-3,-1.4399999,
,,,2.1100000E-3,-1.4399999,
,,,2.1120000E-3,-1.3600000,
,,,2.1140000E-3,-1.3600000,
,,,2.1160000E-3,-1.2800000,
,,,2.1180001E-3,-1.1999999,
,,,2.1200001E-3,-1.1999999,
,,,2.1220001E-3,-1.1200000,
,,,2.1239999E-3,-1.1200000,
,,,2.1259999E-3,-959.999978542E-3,
,,,2.1279999E-3,-959.999978542E-3,
,,,2.1299999E-3,-879.999995232E-3,
,,,2.1319999E-3,-879.999995232E-3,
,,,2.1340000E-3,-719.999969006E-3,
,,,2.1360000E-3,-719.999969006E-3,
,,,2.1380000E-3,-639.999985695E-3,
,,,2.1400000E-3,-560.000002384E-3,
,,,2.1420000E-3,-560.000002384E-3,
,,,2.1440000E-3,-479.999989271E-3,
,,,2.1460000E-3,-399.99997616E-3,
,,,2.1480001E-3,-319.99999285E-3,
,,,2.1500001E-3,-239.99999464E-3,
,,,2.1520001E-3,-239.99999464E-3,
,,,2.1540001E-3,-159.99999642E-3,
,,,2.1559999E-3,-79.999998212E-3,
,,,2.1579999E-3,0.0,
,,,2.1599999E-3,79.999998212E-3,
,,,2.1619999E-3,79.999998212E-3,
,,,2.1639999E-3,159.99999642E-3,
,,,2.1660000E-3,239.99999464E-3,
,,,2.1680000E-3,319.99999285E-3,
,,,2.1700000E-3,399.99997616E-3,
,,,2.1720000E-3,399.99997616E-3,
,,,2.1740000E-3,479.999989271E-3,
,,,2.1760000E-3,560.000002384E-3,
,,,2.1780001E-3,639.999985695E-3,
,,,2.1800001E-3,719.999969006E-3,
,,,2.1820001E-3,719.999969006E-3,
,,,2.1840001E-3,799.999952316E-3,
,,,2.1859999E-3,879.999995232E-3,
,,,2.1879999E-3,879.999995232E-3,
,,,2.1899999E-3,959.999978542E-3,
,,,2.1919999E-3,1.0400000,
,,,2.1939999E-3,1.1200000,
,,,2.1960000E-3,1.1999999,
,,,2.1980000E-3,1.1999999,
,,,2.2000000E-3,1.2800000,
,,,2.2020000E-3,1.3600000,
,,,2.2040000E-3,1.3600000,
,,,2.2060000E-3,1.4399999,
,,,2.2080000E-3,1.5200000,
,,,2.2100001E-3,1.5200000,
,,,2.2120001E-3,1.5999999,
,,,2.2140001E-3,1.6799999,
,,,2.2159999E-3,1.6799999,
,,,2.2179999E-3,1.6799999,
,,,2.2199999E-3,1.7600000,
,,,2.2219999E-3,1.7600000,
,,,2.2239999E-3,1.8399999,
,,,2.2260000E-3,1.9200000,
,,,2.2280000E-3,1.9200000,
,,,2.2300000E-3,1.9200000,
,,,2.2320000E-3,2.0000000,
,,,2.2340000E-3,2.0000000,
,,,2.2360000E-3,2.0799999,
,,,2.2380000E-3,2.0799999,
,,,2.2400001E-3,2.1599998,
,,,2.2420001E-3,2.1599998,
,,,2.2440001E-3,2.1599998,
,,,2.2459999E-3,2.2400000,
,,,2.2479999E-3,2.2400000,
,,,2.2499999E-3,2.2400000,
,,,2.2519999E-3,2.3199999,
,,,2.2539999E-3,2.3199999,
,,,2.2559999E-3,2.3199999,
,,,2.2580000E-3,2.3199999,
,,,2.2600000E-3,2.3199999,
,,,2.2620000E-3,2.3199999,
,,,2.2640000E-3,2.3199999,
,,,2.2660000E-3,2.3199999,
,,,2.2680000E-3,2.3999999,
,,,2.2700001E-3,2.3199999,
,,,2.2720001E-3,2.3199999,
,,,2.2740001E-3,2.3199999,
,,,2.2760001E-3,2.3199999,
,,,2.2779999E-3,2.3199999,
,,,2.2799999E-3,2.3999999,
,,,2.2819999E-3,2.3199999,
,,,2.2839999E-3,2.3199999,
,,,2.2859999E-3,2.2400000,
,,,2.2880000E-3,2.3199999,
,,,2.2900000E-3,2.2400000,
,,,2.2920000E-3,2.2400000,
,,,2.2940000E-3,2.2400000,
,,,2.2960000E-3,2.2400000,
,,,2.2980000E-3,2.2400000,
,,,2.3000001E-3,2.1599998,
,,,2.3020001E-3,2.1599998,
,,,2.3040001E-3,2.0799999,
,,,2.3060001E-3,2.0799999,
,,,2.3079999E-3,2.0799999,
,,,2.3099999E-3,2.0000000,
,,,2.3119999E-3,2.0000000,
,,,2.3139999E-3,1.9200000,
,,,2.3159999E-3,1.9200000,
,,,2.3180000E-3,1.8399999,
,,,2.3200000E-3,1.8399999,
,,,2.3220000E-3,1.8399999,
,,,2.3240000E-3,1.7600000,
,,,2.3260000E-3,1.6799999,
,,,2.3280000E-3,1.6799999,
,,,2.3300000E-3,1.5999999,
,,,2.3320001E-3,1.5999999,
,,,2.3340001E-3,1.5200000,
,,,2.3360001E-3,1.5200000,
,,,2.3379999E-3,1.4399999,
,,,2.3399999E-3,1.3600000,
,,,2.3419999E-3,1.2800000,
,,,2.3439999E-3,1.2800000,
,,,2.3459999E-3,1.1999999,
,,,2.3480000E-3,1.1999999,
,,,2.3500000E-3,1.1200000,
,,,2.3520000E-3,1.0400000,
,,,2.3540000E-3,959.999978542E-3,
,,,2.3560000E-3,959.999978542E-3,
,,,2.3580000E-3,879.999995232E-3,
,,,2.3600000E-3,799.999952316E-3,
,,,2.3620001E-3,799.999952316E-3,
,,,2.3640001E-3,719.999969006E-3,
,,,2.3660001E-3,639.999985695E-3,
,,,2.3680001E-3,560.000002384E-3,
,,,2.3699999E-3,479.999989271E-3,
,,,2.3719999E-3,479.999989271E-3,
,,,2.3739999E-3,399.99997616E-3,
,,,2.3759999E-3,319.99999285E-3,
,,,2.3779999E-3,239.99999464E-3,
,,,2.3800000E-3,239.99999464E-3,
,,,2.3820000E-3,159.99999642E-3,
,,,2.3840000E-3,79.999998212E-3,
,,,2.3860000E-3,0.0,
,,,2.3880000E-3,0.0,
,,,2.3900000E-3,-79.999998212E-3,
,,,2.3920001E-3,-159.99999642E-3,
,,,2.3940001E-3,-239.99999464E-3,
,,,2.3960001E-3,-239.99999464E-3,
,,,2.3980001E-3,-319.99999285E-3,
,,,2.3999999E-3,-399.99997616E-3,
,,,2.4019999E-3,-399.99997616E-3,
,,,2.4039999E-3,-479.999989271E-3,
,,,2.4059999E-3,-560.000002384E-3,
,,,2.4079999E-3,-560.000002384E-3,
,,,2.4100000E-3,-719.999969006E-3,
,,,2.4120000E-3,-719.999969006E-3,
,,,2.4140000E-3,-799.999952316E-3,
,,,2.4160000E-3,-799.999952316E-3,
,,,2.4180000E-3,-879.999995232E-3,
,,,2.4200000E-3,-959.999978542E-3,
,,,2.4220000E-3,-959.999978542E-3,
,,,2.4240001E-3,-1.0400000,
,,,2.4260001E-3,-1.0400000,
,,,2.4280001E-3,-1.1200000,
,,,2.4299999E-3,-1.1200000,
,,,2.4319999E-3,-1.1999999,
,,,2.4339999E-3,-1.2800000,
,,,2.4359999E-3,-1.2800000,
,,,2.4379999E-3,-1.2800000,
,,,2.4400000E-3,-1.3600000,
,,,2.4420000E-3,-1.3600000,
,,,2.4440000E-3,-1.4399999,
,,,2.4460000E-3,-1.4399999,
,,,2.4480000E-3,-1.4399999,
,,,2.4500000E-3,-1.5200000,
,,,2.4520000E-3,-1.5200000,
,,,2.4540001E-3,-1.5999999,
,,,2.4560001E-3,-1.5999999,
,,,2.4580001E-3,-1.5999999,
,,,2.4599999E-3,-1.5999999,
,,,2.4619999E-3,-1.6799999,
,,,2.4639999E-3,-1.6799999,
,,,2.4659999E-3,-1.7600000,
,,,2.4679999E-3,-1.6799999,
,,,2.4699999E-3,-1.7600000,
,,,2.4720000E-3,-1.7600000,
,,,2.4740000E-3,-1.7600000,
,,,2.4760000E-3,-1.7600000,
,,,2.4780000E-3,-1.8399999,
,,,2.4800000E-3,-1.7600000,
,,,2.4820000E-3,-1.8399999,
,,,2.4840001E-3,-1.7600000,
,,,2.4860001E-3,-1.8399999,
,,,2.4880001E-3,-1.8399999,
,,,2.4900001E-3,-1.7600000,
,,,2.4919999E-3,-1.8399999,
,,,2.4939999E-3,-1.7600000,
,,,2.4959999E-3,-1.7600000,
,,,2.4979999E-3,-1.8399999,
,,,2.4999999E-3,-1.7600000,
,,,2.5020000E-3,-1.7600000,
,,,2.5040000E-3,-1.7600000,
,,,2.5060000E-3,-1.6799999,
,,,2.5080000E-3,-1.7600000,
,,,2.5100000E-3,-1.6799999,
,,,2.5120000E-3,-1.6799999,
,,,2.5140001E-3,-1.6799999,
,,,2.5160001E-3,-1.5999999,
,,,2.5180001E-3,-1.5999999,
,,,2.5200001E-3,-1.5999999,
,,,2.5219999E-3,-1.5200000,
,,,2.5239999E-3,-1.5200000,
,,,2.5259999E-3,-1.4399999,
,,,2.5279999E-3,-1.4399999,
,,,2.5299999E-3,-1.4399999,
,,,2.5320000E-3,-1.3600000,
,,,2.5340000E-3,-1.3600000,
,,,2.5360000E-3,-1.3600000,
,,,2.5380000E-3,-1.2800000,
,,,2.5400000E-3,-1.1999999,
,,,2.5420000E-3,-1.1999999,
,,,2.5440000E-3,-1.1200000,
,,,2.5460001E-3,-1.1200000,
,,,2.5480001E-3,-1.0400000,
,,,2.5500001E-3,-1.0400000,
,,,2.5519999E-3,-959.999978542E-3,
,,,2.5539999E-3,-879.999995232E-3,
,,,2.5559999E-3,-799.999952316E-3,
,,,2.5579999E-3,-879.999995232E-3,
,,,2.5599999E-3,-719.999969006E-3,
,,,2.5620000E-3,-719.999969006E-3,
,,,2.5640000E-3,-639.999985695E-3,
,,,2.5660000E-3,-639.999985695E-3,
,,,2.5680000E-3,-560.000002384E-3,
,,,2.5700000E-3,-479.999989271E-3,
,,,2.5720000E-3,-479.999989271E-3,
,,,2.5740000E-3,-399.99997616E-3,
,,,2.5760001E-3,-399.99997616E-3,
,,,2.5780001E-3,-319.99999285E-3,
,,,2.5800001E-3,-239.99999464E-3,
,,,2.5820001E-3,-159.99999642E-3,
,,,2.5839999E-3,-159.99999642E-3,
,,,2.5859999E-3,-79.999998212E-3,
,,,2.5879999E-3,0.0,
,,,2.5899999E-3,79.999998212E-3,
,,,2.5919999E-3,79.999998212E-3,
,,,2.5940000E-3,159.99999642E-3,
,,,2.5960000E-3,159.99999642E-3,
,,,2.5980000E-3,319.99999285E-3,
,,,2.6000000E-3,319.99999285E-3,
,,,2.6020000E-3,319.99999285E-3,
,,,2.6040000E-3,479.999989271E-3,
,,,2.6060001E-3,479.999989271E-3,
,,,2.6080001E-3,560.000002384E-3,
,,,2.6100001E-3,560.000002384E-3,
,,,2.6120001E-3,639.999985695E-3,
,,,2.6139999E-3,719.999969006E-3,
,,,2.6159999E-3,719.999969006E-3,
,,,2.6179999E-3,799.999952316E-3,
,,,2.6199999E-3,879.999995232E-3,
,,,2.6219999E-3,959.999978542E-3,
,,,2.6240000E-3,959.999978542E-3,
,,,2.6260000E-3,1.0400000,
,,,2.6280000E-3,1.1200000,
,,,2.6300000E-3,1.1200000,
,,,2.6320000E-3,1.1999999,
,,,2.6340000E-3,1.1999999,
,,,2.6360000E-3,1.2800000,
,,,2.6380001E-3,1.2800000,
,,,2.6400001E-3,1.3600000,
,,,2.6420001E-3,1.3600000,
,,,2.6439999E-3,1.4399999,
,,,2.6459999E-3,1.5200000,
,,,2.6479999E-3,1.5200000,
,,,2.6499999E-3,1.5999999,
,,,2.6519999E-3,1.5999999,
,,,2.6540000E-3,1.5999999,
,,,2.6560000E-3,1.6799999,
,,,2.6580000E-3,1.6799999,
,,,2.6600000E-3,1.7600000,
,,,2.6620000E-3,1.7600000,
,,,2.6640000E-3,1.7600000,
,,,2.6660000E-3,1.8399999,
,,,2.6680001E-3,1.8399999,
,,,2.6700001E-3,1.8399999,
,,,2.6720001E-3,1.9200000,
,,,2.6739999E-3,1.9200000,
,,,2.6759999E-3,1.9200000,
,,,2.6779999E-3,1.9200000,
,,,2.6799999E-3,2.0000000,
,,,2.6819999E-3,2.0000000,
,,,2.6839999E-3,2.0000000,
,,,2.6860000E-3,2.0000000,
,,,2.6880000E-3,2.0799999,
,,,2.6900000E-3,2.0000000,
,,,2.6920000E-3,2.0799999,
,,,2.6940000E-3,2.0799999,
,,,2.6960000E-3,2.0799999,
,,,2.6980001E-3,2.0799999,
,,,2.7000001E-3,2.0799999,
,,,2.7020001E-3,2.0799999,
,,,2.7040001E-3,2.0799999,
,,,2.7059999E-3,2.0000000,
,,,2.7079999E-3,2.0799999,
,,,2.7099999E-3,2.0799999,
,,,2.7119999E-3,2.0799999,
,,,2.7139999E-3,2.0000000,
,,,2.7160000E-3,2.0799999,
,,,2.7180000E-3,2.0000000,
,,,2.71999999E-3,2.0000000,
,,,2.72200000E-3,2.0000000,
,,,2.72400002E-3,2.0000000,
,,,2.72600004E-3,1.9200000,
,,,2.72800005E-3,1.9200000,
,,,2.73000007E-3,1.9200000,
,,,2.73200008E-3,1.8399999,
,,,2.73400010E-3,1.8399999,
,,,2.73599988E-3,1.8399999,
,,,2.73799989E-3,1.8399999,
,,,2.73999991E-3,1.7600000,
,,,2.74199992E-3,1.7600000,
,,,2.74399994E-3,1.6799999,
,,,2.74599995E-3,1.6799999,
,,,2.74799997E-3,1.6799999,
,,,2.74999999E-3,1.6799999,
,,,2.75200000E-3,1.5999999,
,,,2.75400002E-3,1.5200000,
,,,2.75600003E-3,1.5200000,
,,,2.75800005E-3,1.4399999,
,,,2.76000006E-3,1.4399999,
,,,2.76200008E-3,1.3600000,
,,,2.76400009E-3,1.3600000,
,,,2.76599987E-3,1.2800000,
,,,2.76799989E-3,1.2800000,
,,,2.76999990E-3,1.1999999,
,,,2.77199992E-3,1.1999999,
,,,2.77399994E-3,1.1200000,
,,,2.77599995E-3,1.1200000,
,,,2.77799997E-3,1.0400000,
,,,2.77999998E-3,959.999978542E-3,
,,,2.78200000E-3,959.999978542E-3,
,,,2.78400001E-3,879.999995232E-3,
,,,2.78600003E-3,879.999995232E-3,
,,,2.78800004E-3,799.999952316E-3,
,,,2.79000006E-3,719.999969006E-3,
,,,2.79200007E-3,719.999969006E-3,
,,,2.79400009E-3,639.999985695E-3,
,,,2.79600010E-3,560.000002384E-3,
,,,2.79799988E-3,560.000002384E-3,
,,,2.79999990E-3,479.999989271E-3,
,,,2.80199992E-3,479.999989271E-3,
,,,2.80399993E-3,319.99999285E-3,
,,,2.80599995E-3,319.99999285E-3,
,,,2.80799996E-3,239.99999464E-3,
,,,2.80999998E-3,239.99999464E-3,
,,,2.81199999E-3,159.99999642E-3,
,,,2.81400001E-3,159.99999642E-3,
,,,2.81600002E-3,79.999998212E-3,
,,,2.81800004E-3,0.0,
,,,2.82000005E-3,0.0,
,,,2.82200007E-3,-79.999998212E-3,
,,,2.82400008E-3,-159.99999642E-3,
,,,2.82600010E-3,-159.99999642E-3,
,,,2.82799988E-3,-239.99999464E-3,
,,,2.82999990E-3,-239.99999464E-3,
,,,2.83199991E-3,-399.99997616E-3,
,,,2.83399993E-3,-319.99999285E-3,
,,,2.83599994E-3,-399.99997616E-3,
,,,2.83799996E-3,-479.999989271E-3,
,,,2.83999997E-3,-479.999989271E-3,
,,,2.84199999E-3,-560.000002384E-3,
,,,2.84400000E-3,-639.999985695E-3,
,,,2.84600002E-3,-639.999985695E-3,
,,,2.84800003E-3,-719.999969006E-3,
,,,2.85000005E-3,-719.999969006E-3,
,,,2.85200006E-3,-799.999952316E-3,
,,,2.85400008E-3,-879.999995232E-3,
,,,2.85600009E-3,-879.999995232E-3,
,,,2.85799988E-3,-879.999995232E-3,
,,,2.85999989E-3,-959.999978542E-3,
,,,2.86199991E-3,-959.999978542E-3,
,,,2.86399992E-3,-1.0400000,
,,,2.86599994E-3,-1.0400000,
,,,2.86799995E-3,-1.1200000,
,,,2.86999997E-3,-1.1200000,
,,,2.87199998E-3,-1.1999999,
,,,2.87400000E-3,-1.1999999,
,,,2.87600001E-3,-1.2800000,
,,,2.87800003E-3,-1.2800000,
,,,2.88000004E-3,-1.2800000,
,,,2.88200006E-3,-1.3600000,
,,,2.88400007E-3,-1.3600000,
,,,2.88600009E-3,-1.3600000,
,,,2.88799987E-3,-1.3600000,
,,,2.88999989E-3,-1.4399999,
,,,2.89199990E-3,-1.4399999,
,,,2.89399992E-3,-1.4399999,
,,,2.89599993E-3,-1.4399999,
,,,2.89799995E-3,-1.4399999,
,,,2.89999996E-3,-1.4399999,
,,,2.90199998E-3,-1.5200000,
,,,2.90399999E-3,-1.5200000,
,,,2.90600001E-3,-1.5200000,
,,,2.90800002E-3,-1.5200000,
,,,2.91000004E-3,-1.5200000,
,,,2.91200005E-3,-1.5200000,
,,,2.91400007E-3,-1.5200000,
,,,2.91600008E-3,-1.5200000,
,,,2.91800010E-3,-1.5200000,
,,,2.91999988E-3,-1.5200000,
,,,2.92199990E-3,-1.5200000,
,,,2.92399991E-3,-1.5200000,
,,,2.92599993E-3,-1.5200000,
,,,2.92799994E-3,-1.5200000,
,,,2.92999996E-3,-1.5200000,
,,,2.93199997E-3,-1.4399999,
,,,2.93399999E-3,-1.4399999,
,,,2.93600000E-3,-1.4399999,
,,,2.93800002E-3,-1.4399999,
,,,2.94000003E-3,-1.4399999,
,,,2.94200005E-3,-1.4399999,
,,,2.94400007E-3,-1.4399999,
,,,2.94600008E-3,-1.3600000,
,,,2.94800010E-3,-1.3600000,
,,,2.94999988E-3,-1.3600000,
,,,2.95199989E-3,-1.3600000,
,,,2.95399991E-3,-1.2800000,
,,,2.95599992E-3,-1.2800000,
,,,2.95799994E-3,-1.2800000,
,,,2.95999995E-3,-1.1999999,
,,,2.96199997E-3,-1.1999999,
,,,2.96399998E-3,-1.1999999,
,,,2.96600000E-3,-1.1200000,
,,,2.96800002E-3,-1.1200000,
,,,2.97000003E-3,-1.0400000,
,,,2.97200005E-3,-1.0400000,
,,,2.97400006E-3,-959.999978542E-3,
,,,2.97600008E-3,-959.999978542E-3,
,,,2.97800009E-3,-959.999978542E-3,
,,,2.97999987E-3,-879.999995232E-3,
,,,2.98199989E-3,-799.999952316E-3,
,,,2.98399990E-3,-799.999952316E-3,
,,,2.98599992E-3,-799.999952316E-3,
,,,2.98799993E-3,-719.999969006E-3,
,,,2.98999995E-3,-639.999985695E-3,
,,,2.99199997E-3,-639.999985695E-3,
,,,2.99399998E-3,-639.999985695E-3,
,,,2.99600000E-3,-560.000002384E-3,
,,,2.99800001E-3,-479.999989271E-3,
,,,3.00000003E-3,-399.99997616E-3,
,,,3.00200004E-3,-399.99997616E-3,
,,,3.00400006E-3,-319.99999285E-3,
,,,3.00600007E-3,-319.99999285E-3,
,,,3.00800009E-3,-239.99999464E-3,
,,,3.01000010E-3,-159.99999642E-3,
,,,3.01199988E-3,-159.99999642E-3,
,,,3.01399990E-3,-79.999998212E-3,
,,,3.01599992E-3,-79.999998212E-3,
,,,3.01799993E-3,0.0,
,,,3.01999995E-3,0.0,
,,,3.02199996E-3,79.999998212E-3,
,,,3.02399998E-3,159.99999642E-3,
,,,3.02599999E-3,159.99999642E-3,
,,,3.02800001E-3,239.99999464E-3,
,,,3.03000002E-3,239.99999464E-3,
,,,3.03200004E-3,319.99999285E-3,
,,,3.03400005E-3,399.99997616E-3,
,,,3.03600007E-3,399.99997616E-3,
,,,3.03800008E-3,479.999989271E-3,
,,,3.04000010E-3,560.000002384E-3,
,,,3.04199988E-3,560.000002384E-3,
,,,3.04399990E-3,639.999985695E-3,
,,,3.04599991E-3,639.999985695E-3,
,,,3.04799993E-3,719.999969006E-3,
,,,3.04999994E-3,799.999952316E-3,
,,,3.05199996E-3,799.999952316E-3,
,,,3.05399997E-3,879.999995232E-3,
,,,3.05599999E-3,879.999995232E-3,
,,,3.05800000E-3,879.999995232E-3,
,,,3.06000002E-3,959.999978542E-3,
,,,3.06200003E-3,1.0400000,
,,,3.06400005E-3,1.0400000,
,,,3.06600006E-3,1.1200000,
,,,3.06800008E-3,1.1200000,
,,,3.07000009E-3,1.1999999,
,,,3.07199988E-3,1.1999999,
,,,3.07399989E-3,1.2800000,
,,,3.07599991E-3,1.2800000,
,,,3.07799992E-3,1.2800000,
,,,3.07999994E-3,1.3600000,
,,,3.08199995E-3,1.4399999,
,,,3.08399997E-3,1.4399999,
,,,3.08599998E-3,1.4399999,
,,,3.08800000E-3,1.5200000,
,,,3.09000001E-3,1.5200000,
,,,3.09200003E-3,1.5999999,
,,,3.09400004E-3,1.5999999,
,,,3.09600006E-3,1.5999999,
,,,3.09800007E-3,1.5999999,
,,,3.10000009E-3,1.5999999,
,,,3.10199987E-3,1.6799999,
,,,3.10399989E-3,1.6799999,
,,,3.10599990E-3,1.6799999,
,,,3.10799992E-3,1.6799999,
,,,3.10999993E-3,1.7600000,
,,,3.11199995E-3,1.7600000,
,,,3.11399996E-3,1.7600000,
,,,3.11599998E-3,1.7600000,
,,,3.11799999E-3,1.7600000,
,,,3.12000001E-3,1.7600000,
,,,3.12200002E-3,1.7600000,
,,,3.12400004E-3,1.7600000,
,,,3.12600005E-3,1.8399999,
,,,3.12800007E-3,1.7600000,
,,,3.13000008E-3,1.8399999,
,,,3.13200010E-3,1.8399999,
,,,3.13399988E-3,1.8399999,
,,,3.13599990E-3,1.7600000,
,,,3.13799991E-3,1.7600000,
,,,3.13999993E-3,1.8399999,
,,,3.14199994E-3,1.7600000,
,,,3.14399996E-3,1.7600000,
,,,3.14599997E-3,1.7600000,
,,,3.14799999E-3,1.7600000,
,,,3.15000000E-3,1.7600000,
,,,3.15200002E-3,1.7600000,
,,,3.15400003E-3,1.7600000,
,,,3.15600005E-3,1.7600000,
,,,3.15800007E-3,1.6799999,
,,,3.16000008E-3,1.6799999,
,,,3.16200010E-3,1.6799999,
,,,3.16399988E-3,1.6799999,
,,,3.16599989E-3,1.5999999,
,,,3.16799991E-3,1.5999999,
,,,3.16999992E-3,1.5999999,
,,,3.17199994E-3,1.5999999,
,,,3.17399995E-3,1.5200000,
,,,3.17599997E-3,1.5200000,
,,,3.17799998E-3,1.5200000,
,,,3.18000000E-3,1.4399999,
,,,3.18200001E-3,1.4399999,
,,,3.18400003E-3,1.4399999,
,,,3.18600005E-3,1.3600000,
,,,3.18800006E-3,1.3600000,
,,,3.19000008E-3,1.2800000,
,,,3.19200009E-3,1.2800000,
,,,3.19399987E-3,1.1999999,
,,,3.19599989E-3,1.1999999,
,,,3.19799990E-3,1.1200000,
,,,3.19999992E-3,1.0400000,
,,,3.20199993E-3,1.0400000,
,,,3.20399995E-3,1.0400000,
,,,3.20599996E-3,1.0400000,
,,,3.20799998E-3,959.999978542E-3,
,,,3.21000000E-3,879.999995232E-3,
,,,3.21200001E-3,879.999995232E-3,
,,,3.21400003E-3,799.999952316E-3,
,,,3.21600004E-3,799.999952316E-3,
,,,3.21800006E-3,799.999952316E-3,
,,,3.22000007E-3,719.999969006E-3,
,,,3.22200009E-3,639.999985695E-3,
,,,3.22400010E-3,639.999985695E-3,
,,,3.22599988E-3,560.000002384E-3,
,,,3.22799990E-3,479.999989271E-3,
,,,3.22999991E-3,479.999989271E-3,
,,,3.23199993E-3,399.99997616E-3,
,,,3.23399995E-3,399.99997616E-3,
,,,3.23599996E-3,319.99999285E-3,
,,,3.23799998E-3,239.99999464E-3,
,,,3.23999999E-3,239.99999464E-3,
,,,3.24200001E-3,159.99999642E-3,
,,,3.24400002E-3,159.99999642E-3,
,,,3.24600004E-3,79.999998212E-3,
,,,3.24800005E-3,79.999998212E-3,
,,,3.25000007E-3,0.0,
,,,3.25200008E-3,0.0,
,,,3.25400010E-3,0.0,
,,,3.25599988E-3,-79.999998212E-3,
,,,3.25799990E-3,-159.99999642E-3,
,,,3.25999991E-3,-159.99999642E-3,
,,,3.26199993E-3,-239.99999464E-3,
,,,3.26399994E-3,-319.99999285E-3,
,,,3.26599996E-3,-319.99999285E-3,
,,,3.26799997E-3,-399.99997616E-3,
,,,3.26999999E-3,-399.99997616E-3,
,,,3.27200000E-3,-479.999989271E-3,
,,,3.27400002E-3,-479.999989271E-3,
,,,3.27600003E-3,-560.000002384E-3,
,,,3.27800005E-3,-560.000002384E-3,
,,,3.28000006E-3,-639.999985695E-3,
,,,3.28200008E-3,-719.999969006E-3,
,,,3.28400009E-3,-719.999969006E-3,
,,,3.28599988E-3,-719.999969006E-3,
,,,3.28799989E-3,-719.999969006E-3,
,,,3.28999991E-3,-799.999952316E-3,
,,,3.29199992E-3,-879.999995232E-3,
,,,3.29399994E-3,-879.999995232E-3,
,,,3.29599995E-3,-959.999978542E-3,
,,,3.29799997E-3,-879.999995232E-3,
,,,3.29999998E-3,-959.999978542E-3,
,,,3.30200000E-3,-959.999978542E-3,
,,,3.30400001E-3,-1.0400000,
,,,3.30600003E-3,-1.0400000,
,,,3.30800004E-3,-1.0400000,
,,,3.31000006E-3,-1.0400000,
,,,3.31200007E-3,-1.1200000,
,,,3.31400009E-3,-1.1200000,
,,,3.31599987E-3,-1.1200000,
,,,3.31799989E-3,-1.1999999,
,,,3.31999990E-3,-1.1999999,
,,,3.32199992E-3,-1.1999999,
,,,3.32399993E-3,-1.1999999,
,,,3.32599995E-3,-1.2800000,
,,,3.32799996E-3,-1.1999999,
,,,3.32999998E-3,-1.2800000,
,,,3.33199999E-3,-1.2800000,
,,,3.33400001E-3,-1.2800000,
,,,3.33600002E-3,-1.2800000,
,,,3.33800004E-3,-1.2800000,
,,,3.34000005E-3,-1.3600000,
,,,3.34200007E-3,-1.2800000,
,,,3.34400008E-3,-1.3600000,
,,,3.34600010E-3,-1.2800000,
,,,3.34799988E-3,-1.3600000,
,,,3.34999990E-3,-1.2800000,
,,,3.35199991E-3,-1.2800000,
,,,3.35399993E-3,-1.2800000,
,,,3.35599994E-3,-1.3600000,
,,,3.35799996E-3,-1.2800000,
,,,3.35999997E-3,-1.2800000,
,,,3.36199999E-3,-1.3600000,
,,,3.36400000E-3,-1.2800000,
,,,3.36600002E-3,-1.2800000,
,,,3.36800003E-3,-1.2800000,
,,,3.37000005E-3,-1.2800000,
,,,3.37200006E-3,-1.1999999,
,,,3.37400008E-3,-1.1999999,
,,,3.37600010E-3,-1.1999999,
,,,3.37799988E-3,-1.1999999,
,,,3.37999989E-3,-1.1200000,
,,,3.38199991E-3,-1.1200000,
,,,3.38399992E-3,-1.1200000,
,,,3.38599994E-3,-1.0400000,
,,,3.38799995E-3,-1.0400000,
,,,3.38999997E-3,-1.0400000,
,,,3.39199998E-3,-1.0400000,
,,,3.39400000E-3,-959.999978542E-3,
,,,3.39600001E-3,-959.999978542E-3,
,,,3.39800003E-3,-959.999978542E-3,
,,,3.40000005E-3,-879.999995232E-3,
,,,3.40200006E-3,-879.999995232E-3,
,,,3.40400008E-3,-879.999995232E-3,
,,,3.40600009E-3,-799.999952316E-3,
,,,3.40799987E-3,-799.999952316E-3,
,,,3.40999989E-3,-719.999969006E-3,
,,,3.41199990E-3,-639.999985695E-3,
,,,3.41399992E-3,-719.999969006E-3,
,,,3.41599993E-3,-639.999985695E-3,
,,,3.41799995E-3,-639.999985695E-3,
,,,3.41999996E-3,-560.000002384E-3,
,,,3.42199998E-3,-560.000002384E-3,
,,,3.42399999E-3,-479.999989271E-3,
,,,3.42600001E-3,-479.999989271E-3,
,,,3.42800003E-3,-399.99997616E-3,
,,,3.43000004E-3,-399.99997616E-3,
,,,3.43200006E-3,-319.99999285E-3,
,,,3.43400007E-3,-319.99999285E-3,
,,,3.43600009E-3,-239.99999464E-3,
,,,3.43800010E-3,-159.99999642E-3,
,,,3.43999988E-3,-159.99999642E-3,
,,,3.44199990E-3,-159.99999642E-3,
,,,3.44399991E-3,-79.999998212E-3,
,,,3.44599993E-3,0.0,
,,,3.44799994E-3,0.0,
,,,3.44999996E-3,79.999998212E-3,
,,,3.45199998E-3,79.999998212E-3,
,,,3.45399999E-3,79.999998212E-3,
,,,3.45600001E-3,159.99999642E-3,
,,,3.45800002E-3,159.99999642E-3,
,,,3.46000004E-3,239.99999464E-3,
,,,3.46200005E-3,319.99999285E-3,
,,,3.46400007E-3,319.99999285E-3,
,,,3.46600008E-3,319.99999285E-3,
,,,3.46800010E-3,479.999989271E-3,
,,,3.46999988E-3,479.999989271E-3,
,,,3.47199989E-3,560.000002384E-3,
,,,3.47399991E-3,560.000002384E-3,
,,,3.47599993E-3,639.999985695E-3,
,,,3.47799994E-3,639.999985695E-3,
,,,3.47999996E-3,719.999969006E-3,
,,,3.48199997E-3,719.999969006E-3,
,,,3.48399999E-3,719.999969006E-3,
,,,3.48600000E-3,799.999952316E-3,
,,,3.48800002E-3,799.999952316E-3,
,,,3.49000003E-3,879.999995232E-3,
,,,3.49200005E-3,879.999995232E-3,
,,,3.49400006E-3,959.999978542E-3,
,,,3.49600008E-3,959.999978542E-3,
,,,3.49800009E-3,1.0400000,
,,,3.49999988E-3,1.0400000,
,,,3.50199989E-3,1.0400000,
,,,3.50399991E-3,1.1200000,
,,,3.50599992E-3,1.1999999,
,,,3.50799994E-3,1.1999999,
,,,3.50999995E-3,1.1999999,
,,,3.51199997E-3,1.1999999,
,,,3.51399998E-3,1.2800000,
,,,3.51600000E-3,1.2800000,
,,,3.51800001E-3,1.3600000,
,,,3.52000003E-3,1.2800000,
,,,3.52200004E-3,1.3600000,
,,,3.52400006E-3,1.4399999,
,,,3.52600007E-3,1.4399999,
,,,3.52800009E-3,1.4399999,
,,,3.52999987E-3,1.4399999,
,,,3.53199989E-3,1.4399999,
,,,3.53399990E-3,1.4399999,
,,,3.53599992E-3,1.5200000,
,,,3.53799993E-3,1.5200000,
,,,3.53999995E-3,1.5200000,
,,,3.54199996E-3,1.5200000,
,,,3.54399998E-3,1.5999999,
,,,3.54599999E-3,1.5200000,
,,,3.54800001E-3,1.5999999,
,,,3.55000002E-3,1.5999999,
,,,3.55200004E-3,1.5999999,
,,,3.55400005E-3,1.5999999,
,,,3.55600007E-3,1.5999999,
,,,3.55800008E-3,1.5999999,
,,,3.56000010E-3,1.5999999,
,,,3.56199988E-3,1.5999999,
,,,3.56399990E-3,1.5999999,
,,,3.56599991E-3,1.5999999,
,,,3.56799993E-3,1.6799999,
,,,3.56999994E-3,1.5999999,
,,,3.57199996E-3,1.5999999,
,,,3.57399997E-3,1.5999999,
,,,3.57599999E-3,1.5999999,
,,,3.57800000E-3,1.5999999,
,,,3.58000002E-3,1.5999999,
,,,3.58200003E-3,1.5999999,
,,,3.58400005E-3,1.5200000,
,,,3.58600006E-3,1.5200000,
,,,3.58800008E-3,1.5200000,
,,,3.59000009E-3,1.5200000,
,,,3.59199988E-3,1.5200000,
,,,3.59399989E-3,1.5200000,
,,,3.59599991E-3,1.5200000,
,,,3.59799992E-3,1.4399999,
,,,3.59999994E-3,1.4399999,
,,,3.60199995E-3,1.4399999,
,,,3.60399997E-3,1.3600000,
,,,3.60599998E-3,1.3600000,
,,,3.60800000E-3,1.3600000,
,,,3.61000001E-3,1.2800000,
,,,3.61200003E-3,1.2800000,
,,,3.61400004E-3,1.2800000,
,,,3.61600006E-3,1.1999999,
,,,3.61800008E-3,1.1999999,
,,,3.62000009E-3,1.1999999,
,,,3.62199987E-3,1.1200000,
,,,3.62399989E-3,1.0400000,
,,,3.62599990E-3,1.0400000,
,,,3.62799992E-3,1.0400000,
,,,3.62999993E-3,1.0400000,
,,,3.63199995E-3,959.999978542E-3,
,,,3.63399996E-3,959.999978542E-3,
,,,3.63599998E-3,959.999978542E-3,
,,,3.63799999E-3,879.999995232E-3,
,,,3.64000001E-3,879.999995232E-3,
,,,3.64200003E-3,799.999952316E-3,
,,,3.64400004E-3,799.999952316E-3,
,,,3.64600006E-3,799.999952316E-3,
,,,3.64800007E-3,719.999969006E-3,
,,,3.65000009E-3,719.999969006E-3,
,,,3.65200010E-3,639.999985695E-3,
,,,3.65399988E-3,560.000002384E-3,
,,,3.65599990E-3,560.000002384E-3,
,,,3.65799991E-3,479.999989271E-3,
,,,3.65999993E-3,399.99997616E-3,
,,,3.66199994E-3,399.99997616E-3,
,,,3.66399996E-3,319.99999285E-3,
,,,3.66599998E-3,319.99999285E-3,
,,,3.66799999E-3,319.99999285E-3,
,,,3.67000001E-3,239.99999464E-3,
,,,3.67200002E-3,239.99999464E-3,
,,,3.67400004E-3,159.99999642E-3,
,,,3.67600005E-3,159.99999642E-3,
,,,3.67800007E-3,79.999998212E-3,
,,,3.68000008E-3,79.999998212E-3,
,,,3.68200010E-3,0.0,
,,,3.68399988E-3,0.0,
,,,3.68599989E-3,0.0,
,,,3.68799991E-3,-79.999998212E-3,
,,,3.68999992E-3,-79.999998212E-3,
,,,3.69199994E-3,-159.99999642E-3,
,,,3.69399996E-3,-239.99999464E-3,
,,,3.69599997E-3,-239.99999464E-3,
,,,3.69799999E-3,-319.99999285E-3,
,,,3.70000000E-3,-319.99999285E-3,
,,,3.70200002E-3,-319.99999285E-3,
,,,3.70400003E-3,-399.99997616E-3,
,,,3.70600005E-3,-399.99997616E-3,
,,,3.70800006E-3,-399.99997616E-3,
,,,3.71000008E-3,-479.999989271E-3,
,,,3.71200009E-3,-479.999989271E-3,
,,,3.71399987E-3,-560.000002384E-3,
,,,3.71599989E-3,-639.999985695E-3,
,,,3.71799991E-3,-639.999985695E-3,
,,,3.71999992E-3,-639.999985695E-3,
,,,3.72199994E-3,-719.999969006E-3,
,,,3.72399995E-3,-719.999969006E-3,
,,,3.72599997E-3,-719.999969006E-3,
,,,3.72799998E-3,-719.999969006E-3,
,,,3.73000000E-3,-799.999952316E-3,
,,,3.73200001E-3,-799.999952316E-3,
,,,3.73400003E-3,-879.999995232E-3,
,,,3.73600004E-3,-879.999995232E-3,
,,,3.73800006E-3,-879.999995232E-3,
,,,3.74000007E-3,-959.999978542E-3,
,,,3.74200009E-3,-879.999995232E-3,
,,,3.74399987E-3,-959.999978542E-3,
,,,3.74599989E-3,-959.999978542E-3,
,,,3.74799990E-3,-959.999978542E-3,
,,,3.74999992E-3,-959.999978542E-3,
,,,3.75199993E-3,-1.0400000,
,,,3.75399995E-3,-1.0400000,
,,,3.75599996E-3,-1.0400000,
,,,3.75799998E-3,-1.0400000,
,,,3.75999999E-3,-1.0400000,
,,,3.76200001E-3,-1.1200000,
,,,3.76400002E-3,-1.1200000,
,,,3.76600004E-3,-1.1200000,
,,,3.76800005E-3,-1.1200000,
,,,3.77000007E-3,-1.1200000,
,,,3.77200008E-3,-1.1200000,
,,,3.77400010E-3,-1.1200000,
,,,3.77599988E-3,-1.1200000,
,,,3.77799990E-3,-1.1200000,
,,,3.77999991E-3,-1.1200000,
,,,3.78199993E-3,-1.1200000,
,,,3.78399994E-3,-1.1200000,
,,,3.78599996E-3,-1.1200000,
,,,3.78799997E-3,-1.1200000,
,,,3.78999999E-3,-1.1200000,
,,,3.79200000E-3,-1.1200000,
,,,3.79400002E-3,-1.1200000,
,,,3.79600003E-3,-1.1200000,
,,,3.79800005E-3,-1.0400000,
,,,3.80000006E-3,-1.0400000,
,,,3.80200008E-3,-1.0400000,
,,,3.80400009E-3,-1.0400000,
,,,3.80599988E-3,-959.999978542E-3,
,,,3.80799989E-3,-1.0400000,
,,,3.80999991E-3,-959.999978542E-3,
,,,3.81199992E-3,-959.999978542E-3,
,,,3.81399994E-3,-959.999978542E-3,
,,,3.81599995E-3,-879.999995232E-3,
,,,3.81799997E-3,-879.999995232E-3,
,,,3.81999998E-3,-879.999995232E-3,
,,,3.82200000E-3,-879.999995232E-3,
,,,3.82400001E-3,-879.999995232E-3,
,,,3.82600003E-3,-879.999995232E-3,
,,,3.82800004E-3,-799.999952316E-3,
,,,3.83000006E-3,-799.999952316E-3,
,,,3.83200007E-3,-719.999969006E-3,
,,,3.83400009E-3,-719.999969006E-3,
,,,3.83599987E-3,-719.999969006E-3,
,,,3.83799989E-3,-719.999969006E-3,
,,,3.83999990E-3,-639.999985695E-3,
,,,3.84199992E-3,-639.999985695E-3,
,,,3.84399993E-3,-560.000002384E-3,
,,,3.84599995E-3,-560.000002384E-3,
,,,3.84799996E-3,-479.999989271E-3,
,,,3.84999998E-3,-479.999989271E-3,
,,,3.85199999E-3,-479.999989271E-3,
,,,3.85400001E-3,-399.99997616E-3,
,,,3.85600002E-3,-399.99997616E-3,
,,,3.85800004E-3,-319.99999285E-3,
,,,3.86000006E-3,-319.99999285E-3,
,,,3.86200007E-3,-239.99999464E-3,
,,,3.86400009E-3,-239.99999464E-3,
,,,3.86600010E-3,-159.99999642E-3,
,,,3.86799988E-3,-159.99999642E-3,
,,,3.86999990E-3,-159.99999642E-3,
,,,3.87199991E-3,-159.99999642E-3,
,,,3.87399993E-3,-79.999998212E-3,
,,,3.87599994E-3,0.0,
,,,3.87799996E-3,79.999998212E-3,
,,,3.87999997E-3,0.0,
,,,3.88199999E-3,79.999998212E-3,
,,,3.88400001E-3,159.99999642E-3,
,,,3.88600002E-3,159.99999642E-3,
,,,3.88800004E-3,159.99999642E-3,
,,,3.89000005E-3,159.99999642E-3,
,,,3.89200007E-3,239.99999464E-3,
,,,3.89400008E-3,319.99999285E-3,
,,,3.89600010E-3,319.99999285E-3,
,,,3.89799988E-3,399.99997616E-3,
,,,3.89999989E-3,399.99997616E-3,
,,,3.90199991E-3,479.999989271E-3,
,,,3.90399992E-3,479.999989271E-3,
,,,3.90599994E-3,560.000002384E-3,
,,,3.90799996E-3,560.000002384E-3,
,,,3.90999997E-3,560.000002384E-3,
,,,3.91199999E-3,639.999985695E-3,
,,,3.91400000E-3,639.999985695E-3,
,,,3.91600002E-3,719.999969006E-3,
,,,3.91800003E-3,719.999969006E-3,
,,,3.92000005E-3,719.999969006E-3,
,,,3.92200006E-3,799.999952316E-3,
,,,3.92400008E-3,799.999952316E-3,
,,,3.92600009E-3,879.999995232E-3,
,,,3.92800011E-3,879.999995232E-3,
,,,3.93000012E-3,879.999995232E-3,
,,,3.93200014E-3,959.999978542E-3,
,,,3.93400015E-3,959.999978542E-3,
,,,3.93600017E-3,1.0400000,
,,,3.93800018E-3,1.0400000,
,,,3.94000020E-3,1.0400000,
,,,3.94200021E-3,1.1200000,
,,,3.94399976E-3,1.1200000,
,,,3.94599978E-3,1.1200000,
,,,3.94799979E-3,1.1200000,
,,,3.94999981E-3,1.1999999,
,,,3.95199982E-3,1.1999999,
,,,3.95399984E-3,1.1999999,
,,,3.95599985E-3,1.2800000,
,,,3.95799987E-3,1.2800000,
