Wavelength,Intensity
345.532,-1546.6666666666665
345.749,-1546.6666666666665
345.966,-1546.6666666666665
346.184,-1608.3333333333333
346.401,-1000.0
346.618,-686.6666666666666
346.836,573.3333333333333
347.053,-365.0
347.27,-468.3333333333333
347.487,286.66666666666663
347.705,1009.9999999999999
347.922,-830.0
348.139,746.6666666666667
348.356,-1471.6666666666667
348.574,508.3333333333333
348.791,338.3333333333333
349.008,358.3333333333333
349.225,-55.0
349.442,17311.666666666668
349.659,24551.666666666668
349.877,26098.333333333332
350.094,25783.333333333332
350.311,26913.333333333332
350.528,25951.666666666668
350.745,27665.0
350.962,25851.666666666668
351.179,26770.0
351.396,26564.999999999996
351.613,27571.666666666668
351.83,27449.999999999996
352.047,29470.0
352.264,28571.666666666668
352.481,28643.333333333336
352.698,29425.0
352.915,29665.0
353.132,29951.666666666668
353.349,29248.333333333336
353.566,29773.333333333332
353.783,30470.0
354.0,30643.333333333336
354.217,30711.666666666668
354.433,32880.0
354.65,33665.0
354.867,32193.333333333332
355.084,33626.666666666664
355.301,31968.333333333332
355.518,32709.999999999996
355.735,33405.0
355.951,34453.333333333336
356.168,33913.33333333333
356.385,34053.33333333333
356.602,35685.0
356.818,35760.0
357.035,35205.0
357.252,37443.33333333333
357.469,36115.0
357.685,36586.666666666664
357.902,37401.666666666664
358.119,36951.666666666664
358.335,37976.66666666667
358.552,38098.333333333336
358.769,39071.666666666664
358.985,39180.0
359.202,39300.0
359.419,42103.333333333336
359.635,40830.0
359.852,40935.0
360.068,42283.33333333333
360.285,42928.33333333333
360.501,42745.00000000001
360.718,43078.333333333336
360.934,44669.99999999999
361.151,42895.0
361.367,44003.33333333333
361.584,46445.0
361.8,44996.66666666667
362.017,44748.333333333336
362.233,46178.33333333333
362.45,47813.33333333333
362.666,46523.33333333333
362.883,46536.66666666667
363.099,46973.33333333333
363.315,49233.33333333333
363.532,49973.33333333333
363.748,49263.33333333333
363.965,48649.99999999999
364.181,48631.66666666667
364.397,49868.33333333333
364.614,50891.66666666667
364.83,50216.666666666664
365.046,53158.33333333333
365.262,52878.33333333333
365.479,53546.666666666664
365.695,53070.0
365.911,57158.33333333333
366.128,53523.33333333333
366.344,57250.0
366.56,55558.333333333336
366.776,56595.0
366.992,55581.666666666664
367.209,58571.666666666664
367.425,57841.666666666664
367.641,59568.333333333336
367.857,58831.666666666664
368.073,61639.99999999999
368.289,59885.0
368.505,60731.666666666664
368.722,62831.666666666664
368.938,62606.666666666664
369.154,61831.666666666664
369.37,64346.666666666664
369.586,63340.0
369.802,65926.66666666667
370.018,66206.66666666667
370.234,66486.66666666667
370.45,66166.66666666667
370.666,69200.0
370.882,66190.0
371.098,67903.33333333333
371.314,67978.33333333333
371.53,69306.66666666666
371.746,70196.66666666667
371.962,70801.66666666667
372.178,71981.66666666666
372.393,72296.66666666666
372.609,72163.33333333333
372.825,74081.66666666667
373.041,71945.0
373.257,75550.0
373.473,73843.33333333333
373.689,77586.66666666666
373.904,75876.66666666666
374.12,76478.33333333333
374.336,79156.66666666667
374.552,78895.0
374.767,78540.0
374.983,78430.0
375.199,80601.66666666667
375.415,79215.0
375.63,79808.33333333333
375.846,82726.66666666667
376.062,82726.66666666667
376.278,83738.33333333333
376.493,83018.33333333333
376.709,85325.0
376.925,84530.0
377.14,86363.33333333333
377.356,87386.66666666667
377.571,87816.66666666666
377.787,87966.66666666666
378.003,89133.33333333333
378.218,86481.66666666666
378.434,93128.33333333333
378.649,89540.0
378.865,92448.33333333334
379.08,91618.33333333334
379.296,95956.66666666667
379.511,92705.0
379.727,94694.99999999999
379.942,95770.0
380.158,98105.0
380.373,96171.66666666666
380.589,97828.33333333334
380.804,96773.33333333333
381.02,99883.33333333333
381.235,101561.66666666667
381.45,100404.99999999999
381.666,102008.33333333333
381.881,102415.0
382.096,106265.0
382.312,103401.66666666666
382.527,103930.0
382.742,105293.33333333333
382.958,104421.66666666666
383.173,107521.66666666666
383.388,107261.66666666667
383.604,105665.0
383.819,107316.66666666666
384.034,111194.99999999999
384.249,108941.66666666666
384.465,111456.66666666667
384.68,112856.66666666666
384.895,113924.99999999999
385.11,113345.0
385.325,113270.0
385.541,113456.66666666667
385.756,115365.0
385.971,116396.66666666666
386.186,118931.66666666667
386.401,117120.0
386.616,119941.66666666666
386.831,119823.33333333334
387.046,120573.33333333334
387.261,118228.33333333333
387.477,126120.0
387.692,121338.33333333333
387.907,125790.0
388.122,124123.33333333333
388.337,127288.33333333333
388.552,124569.99999999999
388.767,125161.66666666667
388.982,126595.0
389.197,128331.66666666667
389.411,124295.0
389.626,129200.0
389.841,127980.0
390.056,130353.33333333333
390.271,134018.33333333334
390.486,131841.66666666666
390.701,133031.6666666667
390.916,133998.33333333334
391.131,135578.33333333334
391.345,133438.33333333334
391.56,136568.3333333333
391.775,135721.66666666666
391.99,136961.66666666666
392.205,134001.66666666666
392.42,138646.66666666666
392.634,143196.66666666666
392.849,141531.6666666667
393.064,142411.66666666666
393.279,145150.0
393.493,144586.66666666666
393.708,143180.0
393.923,144910.0
394.137,144255.0
394.352,145620.0
394.567,145265.0
394.781,150596.66666666666
394.996,146723.33333333334
395.211,155683.33333333334
395.425,147368.33333333334
395.64,154778.3333333333
395.854,155475.0
396.069,153400.0
396.284,153583.33333333334
396.498,154501.66666666666
396.713,150743.33333333334
396.927,159403.3333333333
397.142,154006.66666666666
397.356,161380.0
397.571,155751.66666666666
397.785,163891.66666666666
398.0,163305.0
398.214,163341.66666666666
398.428,160601.66666666666
398.643,170868.33333333334
398.857,160083.33333333334
399.072,170428.33333333334
399.286,165390.0
399.5,168080.0
399.715,168086.66666666666
399.929,171616.66666666666
400.144,172411.66666666666
400.358,176303.3333333333
400.572,179394.99999999997
400.787,176456.66666666666
401.001,179726.66666666666
401.215,184501.66666666666
401.429,174610.0
401.644,178841.66666666666
401.858,182778.33333333334
402.072,184665.0
402.286,184623.33333333334
402.501,190590.0
402.715,190668.3333333333
402.929,189406.6666666667
403.143,188566.6666666667
403.357,190791.66666666666
403.571,189201.66666666666
403.786,197550.0
404.0,196648.33333333334
404.214,196308.3333333333
404.428,201553.3333333333
404.642,197429.99999999997
404.856,206151.6666666667
405.07,204950.0
405.284,212796.66666666666
405.498,203836.66666666666
405.712,210226.66666666666
405.926,210391.66666666666
406.14,211701.66666666666
406.354,213206.66666666666
406.568,210516.66666666666
406.782,215206.66666666666
406.996,218105.0
407.21,222485.0
407.424,224381.66666666666
407.638,225273.33333333334
407.852,228996.66666666666
408.066,222538.33333333334
408.28,223846.66666666666
408.493,233058.3333333333
408.707,230690.0
408.921,239165.0
409.135,238530.0
409.349,234099.99999999997
409.563,241536.66666666666
409.776,249135.0
409.99,242940.0
410.204,246183.3333333333
410.418,245616.66666666666
410.631,249376.66666666666
410.845,248815.0
411.059,249951.66666666666
411.273,255920.0
411.486,254118.33333333334
411.7,260668.3333333333
411.914,256831.66666666666
412.127,264020.0
412.341,262326.6666666667
412.555,259785.0
412.768,264686.6666666666
412.982,264771.6666666667
413.195,272471.6666666666
413.409,270755.0
413.623,278380.0
413.836,273468.3333333333
414.05,285835.0
414.263,281971.6666666666
414.477,288053.3333333333
414.69,288473.3333333333
414.904,284916.6666666667
415.117,292190.0
415.331,298306.6666666666
415.544,292528.3333333333
415.758,297880.0
415.971,297245.0
416.185,296381.6666666666
416.398,311728.3333333333
416.611,302038.3333333333
416.825,306321.6666666667
417.038,309051.6666666666
417.251,317301.6666666666
417.465,316080.0
417.678,318820.0
417.891,313926.6666666666
418.105,314390.0
418.318,324513.3333333333
418.531,325838.3333333333
418.745,328196.6666666667
418.958,328275.0
419.171,330121.6666666667
419.384,338638.3333333333
419.598,335108.3333333333
419.811,343416.6666666667
420.024,341928.3333333334
420.237,346380.0
420.45,354994.99999999994
420.664,351574.99999999994
420.877,351154.99999999994
421.09,359949.99999999994
421.303,358734.99999999994
421.516,366248.3333333333
421.729,361695.0
421.942,370873.3333333333
422.155,370430.0
422.368,382598.3333333334
422.582,375573.3333333333
422.795,372785.0
423.008,381175.0
423.221,380866.6666666666
423.434,390516.6666666666
423.647,389206.6666666666
423.86,390693.3333333333
424.073,414270.0
424.286,396111.6666666667
424.498,410091.6666666667
424.711,408143.3333333334
424.924,412003.3333333333
425.137,414221.6666666666
425.35,422494.99999999994
425.563,427591.6666666667
425.776,422731.6666666666
425.989,420628.3333333333
426.202,430636.6666666667
426.414,443251.6666666667
426.627,435893.3333333334
426.84,459728.3333333333
427.053,450996.6666666667
427.266,455113.3333333333
427.478,452706.6666666666
427.691,461363.3333333333
427.904,463324.99999999994
428.117,486596.6666666666
428.329,476695.0
428.542,473991.6666666666
428.755,481531.6666666667
428.967,484211.6666666666
429.18,493025.0
429.393,513063.3333333333
429.605,499045.0
429.818,510900.0
430.031,501148.3333333333
430.243,503246.6666666667
430.456,527648.3333333333
430.668,525511.6666666666
430.881,528100.0
431.094,518880.0
431.306,540223.3333333334
431.519,548510.0
431.731,541448.3333333334
431.944,541321.6666666666
432.156,545821.6666666666
432.369,572188.3333333334
432.581,577490.0
432.794,589711.6666666666
433.006,574005.0
433.218,588590.0
433.431,578451.6666666666
433.643,586555.0
433.856,605601.6666666666
434.068,602693.3333333333
434.28,608645.0
434.493,604498.3333333333
434.705,607966.6666666666
434.918,635170.0
435.13,618333.3333333334
435.342,625220.0
435.554,641573.3333333334
435.767,646918.3333333334
435.979,657503.3333333334
436.191,659701.6666666666
436.404,660281.6666666666
436.616,688451.6666666666
436.828,677300.0
437.04,658513.3333333333
437.252,693695.0
437.465,672821.6666666666
437.677,687441.6666666666
437.889,719215.0
438.101,691070.0
438.313,702723.3333333334
438.525,724728.3333333333
438.737,707616.6666666666
438.949,723969.9999999999
439.162,717371.6666666666
439.374,730800.0
439.586,740141.6666666667
439.798,727571.6666666667
440.01,759335.0
440.222,732056.6666666666
440.434,767516.6666666667
440.646,762175.0
440.858,757656.6666666666
441.07,768250.0
441.282,776320.0
441.494,788410.0
441.706,794390.0
441.918,772415.0
442.129,794120.0
442.341,784915.0
442.553,799445.0
442.765,819941.6666666666
442.977,819538.3333333333
443.189,800916.6666666666
443.401,821091.6666666666
443.612,816958.3333333334
443.824,848565.0
444.036,859621.6666666666
444.248,845018.3333333333
444.46,851508.3333333334
444.671,849726.6666666666
444.883,855225.0
445.095,850726.6666666666
445.307,844796.6666666666
445.518,878396.6666666666
445.73,871208.3333333334
445.942,876295.0
446.153,885770.0
446.365,893934.9999999999
446.577,879236.6666666666
446.788,884343.3333333334
447.0,895036.6666666667
447.212,926296.6666666666
447.423,901020.0
447.635,922098.3333333334
447.846,897338.3333333333
448.058,944578.3333333334
448.269,915629.9999999999
448.481,928651.6666666666
448.692,930566.6666666666
448.904,958743.3333333334
449.115,943803.3333333333
449.327,958684.9999999999
449.538,966290.0
449.75,971696.6666666667
449.961,985396.6666666666
450.173,974655.0
450.384,970006.6666666666
450.596,975341.6666666666
450.807,977598.3333333334
451.018,989731.6666666667
451.23,1001521.6666666666
451.441,973364.9999999999
451.652,1004193.3333333333
451.864,1011475.0
452.075,981660.0
452.286,1006020.0
452.498,1017516.6666666667
452.709,1001739.9999999999
452.92,998186.6666666666
453.131,1025366.6666666666
453.343,1027315.0
453.554,1026500.0
453.765,1050580.0
453.976,1043385.0
454.187,1049748.3333333333
454.399,1057286.6666666667
454.61,1076818.3333333333
454.821,1086245.0
455.032,1086388.3333333333
455.243,1058563.3333333333
455.454,1075698.3333333333
455.665,1121511.6666666665
455.877,1098295.0
456.088,1095110.0
456.299,1102985.0
456.51,1123703.3333333333
456.721,1115128.3333333335
456.932,1125143.3333333333
457.143,1137103.3333333333
457.354,1174271.6666666667
457.565,1154993.3333333333
457.776,1153630.0
457.987,1162645.0
458.198,1165846.6666666667
458.409,1171123.3333333333
458.62,1169553.3333333333
458.83,1175766.6666666667
459.041,1184310.0
459.252,1191971.6666666667
459.463,1219818.3333333333
459.674,1222080.0
459.885,1212735.0
460.096,1254780.0
460.306,1230903.3333333333
460.517,1256460.0
460.728,1263186.6666666665
460.939,1267235.0
461.15,1236381.6666666667
461.36,1289308.3333333333
461.571,1320288.3333333333
461.782,1308176.6666666667
461.993,1289725.0
462.203,1340580.0
462.414,1321458.3333333333
462.625,1332786.6666666667
462.835,1372766.6666666667
463.046,1378863.3333333333
463.257,1383180.0
463.467,1360735.0
463.678,1391195.0
463.889,1400181.6666666667
464.099,1410766.6666666667
464.31,1434229.9999999998
464.52,1420830.0
464.731,1440854.9999999998
464.941,1444053.3333333333
465.152,1449033.3333333335
465.362,1479248.3333333333
465.573,1498368.3333333333
465.783,1501666.6666666667
465.994,1484763.3333333333
466.204,1516541.6666666667
466.415,1573390.0
466.625,1569326.6666666665
466.836,1536908.3333333335
467.046,1590111.6666666667
467.257,1557900.0
467.467,1594968.3333333333
467.677,1590666.6666666667
467.888,1604971.6666666665
468.098,1626575.0
468.308,1661683.3333333333
468.519,1651983.3333333333
468.729,1698871.6666666665
468.939,1727293.3333333333
469.15,1719475.0
469.36,1696926.6666666665
469.57,1715336.6666666667
469.78,1768728.3333333335
469.991,1731650.0
470.201,1805468.3333333333
470.411,1780170.0
470.621,1850711.6666666667
470.831,1798556.6666666667
471.042,1843676.6666666665
471.252,1875191.6666666665
471.462,1826091.6666666665
471.672,1868436.6666666667
471.882,1904668.3333333333
472.092,1886236.6666666667
472.302,1910426.6666666665
472.512,1932496.6666666665
472.723,1964431.6666666667
472.933,1983439.9999999998
473.143,1982850.0
473.353,2007350.0
473.563,2031435.0
473.773,2072185.0
473.983,2039076.6666666665
474.193,2040906.6666666667
474.403,2116158.3333333335
474.613,2133921.6666666665
474.822,2143793.3333333335
475.032,2133515.0
475.242,2172383.333333333
475.452,2170035.0
475.662,2204531.6666666665
475.872,2219410.0
476.082,2232525.0
476.292,2251331.6666666665
476.502,2255816.6666666665
476.711,2291195.0
476.921,2304316.6666666665
477.131,2315095.0
477.341,2343288.333333333
477.551,2362021.6666666665
477.76,2356491.6666666665
477.97,2422385.0
478.18,2423778.3333333335
478.39,2438830.0
478.599,2452708.3333333335
478.809,2485786.6666666665
479.019,2470325.0
479.228,2508576.6666666665
479.438,2546638.3333333335
479.648,2579596.6666666665
479.857,2582198.3333333335
480.067,2607056.6666666665
480.276,2595845.0
480.486,2637033.3333333335
480.696,2656471.6666666665
480.905,2636441.6666666665
481.115,2681920.0
481.324,2687098.3333333335
481.534,2709096.6666666665
481.743,2736721.666666667
481.953,2746415.0
482.162,2730146.6666666665
482.372,2780090.0
482.581,2796251.6666666665
482.791,2791008.333333333
483.0,2866861.6666666665
483.21,2866431.6666666665
483.419,2834411.666666667
483.628,2898015.0
483.838,2936486.6666666665
484.047,2925526.6666666665
484.257,2940681.6666666665
484.466,2956116.6666666665
484.675,3009165.0
484.885,3000116.6666666665
485.094,3040428.333333333
485.303,3022538.333333333
485.512,3060606.6666666665
485.722,3076973.3333333335
485.931,3079298.3333333335
486.14,3113220.0
486.349,3126203.3333333335
486.559,3144256.666666667
486.768,3170781.6666666665
486.977,3153656.6666666665
487.186,3210143.3333333335
487.395,3198018.3333333335
487.605,3222836.6666666665
487.814,3233610.0
488.023,3226239.9999999995
488.232,3287521.666666667
488.441,3283173.3333333335
488.65,3293856.6666666665
488.859,3316170.0
489.068,3319215.0
489.277,3361140.0
489.486,3376823.333333333
489.695,3383333.3333333335
489.904,3395023.333333333
490.113,3428043.333333333
490.322,3450421.6666666665
490.531,3435118.333333333
490.74,3490431.6666666665
490.949,3454891.6666666665
491.158,3519224.9999999995
491.367,3506019.9999999995
491.576,3494766.6666666665
491.785,3511641.6666666665
491.994,3515280.0
492.203,3547706.666666667
492.412,3521011.6666666665
492.62,3562830.0
492.829,3579633.333333333
493.038,3586750.0
493.247,3615828.3333333335
493.456,3609493.333333333
493.664,3656271.666666667
493.873,3687793.333333333
494.082,3680004.9999999995
494.291,3703550.0
494.499,3711728.333333333
494.708,3738935.0
494.917,3728981.6666666665
495.126,3751845.0
495.334,3755930.0
495.543,3768361.6666666665
495.751,3772055.0
495.96,3787315.0
496.169,3774385.0
496.377,3811140.0
496.586,3802415.0
496.795,3814205.0
497.003,3808893.3333333335
497.212,3823614.9999999995
497.42,3858468.3333333335
497.629,3847430.0
497.837,3869923.3333333335
498.046,3912698.333333333
498.254,3891440.0
498.463,3932745.0
498.671,3906431.6666666665
498.88,3960905.0
499.088,3956860.0
499.297,3950988.3333333335
499.505,3956815.0
499.713,3981213.333333333
499.922,4002709.9999999995
500.13,3982360.0
500.338,4004778.333333333
500.547,4030626.6666666665
500.755,4038661.666666667
500.963,4034338.333333333
501.172,4028535.0
501.38,4061333.333333333
501.588,4032736.6666666665
501.797,4056598.3333333335
502.005,4074266.6666666665
502.213,4066665.0
502.421,4053581.666666667
502.63,4108173.3333333335
502.838,4108338.333333333
503.046,4127806.6666666665
503.254,4090831.666666667
503.462,4135733.3333333335
503.67,4104863.3333333335
503.879,4151661.666666667
504.087,4148156.6666666665
504.295,4131555.0
504.503,4149775.0
504.711,4147176.666666667
504.919,4168841.6666666665
505.127,4191048.3333333335
505.335,4151840.0
505.543,4182818.333333333
505.751,4215916.666666667
505.959,4193403.333333333
506.167,4209721.666666667
506.375,4221915.0
506.583,4209366.666666667
506.791,4198481.666666666
506.999,4211375.0
507.207,4227566.666666667
507.415,4198956.666666667
507.623,4221570.0
507.831,4234360.0
508.039,4268008.333333333
508.246,4198543.333333333
508.454,4279408.333333333
508.662,4251851.666666667
508.87,4246531.666666666
509.078,4270051.666666667
509.286,4269581.666666667
509.493,4226595.0
509.701,4262481.666666666
509.909,4286531.666666666
510.117,4246206.666666667
510.324,4308998.333333334
510.532,4294661.666666667
510.74,4301580.0
510.947,4336713.333333333
511.155,4316333.333333333
511.363,4342198.333333333
511.57,4306243.333333333
511.778,4346441.666666667
511.986,4336140.0
512.193,4337605.0
512.401,4337238.333333333
512.609,4339371.666666666
512.816,4336181.666666667
513.024,4369126.666666666
513.231,4315885.0
513.439,4381986.666666666
513.646,4361248.333333334
513.854,4360913.333333333
514.061,4369323.333333333
514.269,4372645.0
514.476,4369470.0
514.684,4385335.0
514.891,4354541.666666667
515.099,4385553.333333333
515.306,4351903.333333333
515.513,4400935.0
515.721,4341390.0
515.928,4421083.333333333
516.135,4376433.333333333
516.343,4412758.333333333
516.55,4417933.333333333
516.757,4443665.0
516.965,4406153.333333333
517.172,4450833.333333333
517.379,4437558.333333333
517.587,4488123.333333334
517.794,4453806.666666667
518.001,4481491.666666667
518.208,4453308.333333333
518.416,4475128.333333333
518.623,4462960.0
518.83,4493041.666666667
519.037,4455745.0
519.244,4523153.333333333
519.451,4499766.666666666
519.659,4505920.0
519.866,4497836.666666667
520.073,4555811.666666666
520.28,4506903.333333333
520.487,4536881.666666667
520.694,4501663.333333333
520.901,4544653.333333333
521.108,4508310.0
521.315,4512388.333333334
521.522,4485888.333333334
521.729,4503096.666666667
521.936,4528168.333333333
522.143,4533578.333333333
522.35,4516491.666666667
522.557,4515091.666666666
522.764,4553140.0
522.971,4558375.0
523.178,4537705.0
523.385,4573923.333333333
523.592,4523518.333333333
523.799,4577871.666666666
524.005,4555215.0
524.212,4592030.0
524.419,4554996.666666666
524.626,4580313.333333333
524.833,4577190.0
525.04,4580851.666666667
525.246,4619613.333333333
525.453,4598335.0
525.66,4594225.0
525.867,4652411.666666667
526.073,4625746.666666666
526.28,4636593.333333333
526.487,4635895.0
526.693,4643461.666666667
526.9,4626975.0
527.107,4672876.666666666
527.313,4624756.666666667
527.52,4607771.666666667
527.727,4634136.666666667
527.933,4625760.0
528.14,4604628.333333333
528.346,4685878.333333333
528.553,4642526.666666667
528.759,4657951.666666666
528.966,4664910.0
529.173,4707420.0
529.379,4689728.333333333
529.586,4688636.666666667
529.792,4716188.333333333
529.999,4729500.0
530.205,4713563.333333333
530.411,4755331.666666667
530.618,4740186.666666666
530.824,4739903.333333333
531.031,4757243.333333333
531.237,4761806.666666667
531.443,4788608.333333333
531.65,4831243.333333333
531.856,4806945.0
532.062,4791308.333333333
532.269,4798340.0
532.475,4787631.666666667
532.681,4795243.333333333
532.888,4783771.666666667
533.094,4776303.333333333
533.3,4798855.0
533.506,4727405.0
533.713,4775886.666666667
533.919,4775358.333333333
534.125,4795500.0
534.331,4803330.0
534.538,4795823.333333333
534.744,4838861.666666666
534.95,4837203.333333333
535.156,4803316.666666667
535.362,4818016.666666666
535.568,4829563.333333333
535.774,4834253.333333333
535.98,4814050.0
536.186,4835506.666666667
536.393,4796666.666666667
536.599,4835763.333333334
536.805,4821000.0
537.011,4849668.333333333
537.217,4841158.333333333
537.423,4829918.333333333
537.629,4812456.666666667
537.835,4866911.666666667
538.04,4844750.0
538.246,4860045.0
538.452,4869441.666666667
538.658,4897755.0
538.864,4831601.666666667
539.07,4896235.0
539.276,4863250.0
539.482,4908841.666666666
539.688,4925068.333333333
539.893,4920586.666666667
540.099,4911015.0
540.305,4949871.666666666
540.511,4937221.666666667
540.717,4925675.0
540.922,4950236.666666666
541.128,4958296.666666666
541.334,4909240.0
541.54,4984615.0
541.745,4948620.0
541.951,4936706.666666667
542.157,4944901.666666667
542.362,4954101.666666667
542.568,4957070.0
542.774,4974586.666666667
542.979,4956773.333333333
543.185,4955005.0
543.39,4938345.0
543.596,4990595.0
543.802,4963276.666666667
544.007,4983981.666666666
544.213,4990066.666666667
544.418,5001121.666666666
544.624,5008260.0
544.829,5014731.666666666
545.035,5000280.0
545.24,5019406.666666666
545.446,5014516.666666666
545.651,5065305.0
545.857,5021933.333333333
546.062,5029193.333333333
546.267,5018035.0
546.473,5069985.0
546.678,5081041.666666667
546.884,5046235.0
547.089,5036505.0
547.294,5076306.666666667
547.5,5040470.0
547.705,5039456.666666667
547.91,5043313.333333333
548.116,5044038.333333333
548.321,5110910.0
548.526,5091673.333333333
548.731,5070306.666666667
548.937,5126113.333333333
549.142,5094400.0
549.347,5126165.0
549.552,5100861.666666666
549.757,5138750.0
549.963,5098598.333333333
550.168,5104783.333333333
550.373,5093206.666666667
550.578,5097810.0
550.783,5106490.0
550.988,5087233.333333333
551.193,5128485.0
551.398,5118146.666666667
551.603,5112300.0
551.808,5112043.333333333
552.013,5098025.0
552.218,5113788.333333333
552.424,5141015.0
552.628,5103620.0
552.833,5146518.333333333
553.038,5123533.333333333
553.243,5127868.333333333
553.448,5160515.0
553.653,5193433.333333333
553.858,5174100.0
554.063,5160133.333333333
554.268,5194751.666666666
554.473,5186958.333333333
554.678,5229381.666666667
554.883,5211001.666666666
555.087,5251943.333333333
555.292,5219753.333333333
555.497,5279031.666666666
555.702,5254050.0
555.907,5280206.666666667
556.111,5295453.333333333
556.316,5277885.0
556.521,5279816.666666667
556.725,5318233.333333333
556.93,5282076.666666666
557.135,5330118.333333333
557.34,5316400.0
557.544,5301638.333333334
557.749,5342658.333333333
557.954,5316403.333333333
558.158,5346628.333333333
558.363,5340453.333333333
558.567,5332558.333333333
558.772,5347680.0
558.977,5328391.666666666
559.181,5365838.333333333
559.386,5322895.0
559.59,5353058.333333333
559.795,5340811.666666666
559.999,5382733.333333333
560.204,5322575.0
560.408,5373306.666666667
560.613,5377413.333333333
560.817,5368805.0
561.021,5392380.0
561.226,5455488.333333333
561.43,5409098.333333333
561.635,5425868.333333333
561.839,5410873.333333333
562.043,5439093.333333333
562.248,5431916.666666667
562.452,5430318.333333333
562.656,5446866.666666667
562.861,5424301.666666667
563.065,5416716.666666666
563.269,5433933.333333333
563.474,5470901.666666667
563.678,5460440.0
563.882,5457160.0
564.086,5513660.0
564.291,5440675.0
564.495,5491051.666666666
564.699,5484828.333333333
564.903,5521095.0
565.107,5477753.333333333
565.311,5489323.333333334
565.516,5494533.333333333
565.72,5480910.0
565.924,5453723.333333333
566.128,5522293.333333334
566.332,5534123.333333333
566.536,5560215.0
566.74,5549500.0
566.944,5593786.666666667
567.148,5565979.999999999
567.352,5605123.333333333
567.556,5577503.333333333
567.76,5603400.0
567.964,5593729.999999999
568.168,5605065.0
568.372,5602681.666666666
568.576,5659626.666666667
568.78,5581636.666666666
568.984,5655546.666666666
569.188,5610690.0
569.392,5640111.666666666
569.595,5620506.666666667
569.799,5657916.666666667
570.003,5639808.333333333
570.207,5687884.999999999
570.411,5687233.333333333
570.615,5735541.666666667
570.818,5715905.0
571.022,5758703.333333333
571.226,5759846.666666667
571.43,5784785.0
571.633,5804256.666666667
571.837,5780726.666666667
572.041,5749273.333333333
572.244,5828761.666666666
572.448,5795345.0
572.652,5830400.0
572.855,5825856.666666666
573.059,5848865.0
573.263,5817685.0
573.466,5875298.333333333
573.67,5815388.333333334
573.873,5879403.333333333
574.077,5835041.666666667
574.28,5851281.666666667
574.484,5900348.333333333
574.687,5893111.666666666
574.891,5934548.333333333
575.094,5955790.0
575.298,5920100.0
575.501,6002883.333333334
575.705,5974613.333333333
575.908,5989038.333333334
576.112,5992161.666666667
576.315,5988488.333333333
576.518,6020501.666666667
576.722,6008856.666666666
576.925,6037620.0
577.129,6017055.0
577.332,6005293.333333334
577.535,6054491.666666666
577.739,6004115.0
577.942,6055041.666666667
578.145,6050163.333333334
578.348,6068848.333333333
578.552,6073653.333333333
578.755,6113384.999999999
578.958,6097423.333333333
579.161,6149281.666666667
579.365,6144643.333333333
579.568,6157306.666666666
579.771,6156101.666666667
579.974,6214595.0
580.177,6168446.666666667
580.38,6204539.999999999
580.583,6192245.0
580.787,6190681.666666666
580.99,6243663.333333334
581.193,6236104.999999999
581.396,6257311.666666667
581.599,6288768.333333333
581.802,6237065.0
582.005,6347405.0
582.208,6313768.333333333
582.411,6389761.666666666
582.614,6397291.666666667
582.817,6420678.333333333
583.02,6444598.333333333
583.223,6473451.666666666
583.426,6487411.666666667
583.629,6494658.333333333
583.831,6527655.0
584.034,6541378.333333333
584.237,6528391.666666666
584.44,6567330.0
584.643,6570733.333333333
584.846,6607824.999999999
585.049,6619229.999999999
585.251,6613876.666666667
585.454,6607914.999999999
585.657,6672639.999999999
585.86,6644118.333333333
586.062,6692270.0
586.265,6736731.666666666
586.468,6699468.333333333
586.671,6720401.666666667
586.873,6773803.333333333
587.076,6773878.333333333
587.279,6767615.0
587.481,6752756.666666667
587.684,6785746.666666667
587.886,6705878.333333333
588.089,6769090.0
588.292,6719655.0
588.494,6745021.666666666
588.697,6728416.666666667
588.899,6789600.0
589.102,6759821.666666667
589.304,6796139.999999999
589.507,6793743.333333333
589.709,6820513.333333333
589.912,6865645.0
590.114,6890643.333333333
590.317,6863350.0
590.519,6945039.999999999
590.722,6974134.999999999
590.924,6935264.999999999
591.126,6986710.0
591.329,6994236.666666666
591.531,6971930.0
591.734,7008965.0
591.936,7038411.666666667
592.138,7033543.333333334
592.341,7090264.999999999
592.543,7054528.333333333
592.745,7019354.999999999
592.947,7065031.666666667
593.15,7081255.0
593.352,7079793.333333334
593.554,7091593.333333333
593.756,7131241.666666666
593.959,7152513.333333333
594.161,7138798.333333333
594.363,7156176.666666666
594.565,7207258.333333334
594.767,7171208.333333333
594.969,7279446.666666667
595.171,7222793.333333334
595.374,7257858.333333333
595.576,7282104.999999999
595.778,7268043.333333334
595.98,7320044.999999999
596.182,7303520.0
596.384,7260793.333333334
596.586,7320078.333333333
596.788,7274320.0
596.99,7327400.0
597.192,7278626.666666667
597.394,7301561.666666667
597.596,7342076.666666666
597.798,7350531.666666667
598.0,7357736.666666666
598.202,7403513.333333333
598.403,7389211.666666666
598.605,7434030.0
598.807,7431245.0
599.009,7469108.333333333
599.211,7417131.666666667
599.413,7468788.333333334
599.615,7464531.666666667
599.816,7483680.0
600.018,7479898.333333333
600.22,7460919.999999999
600.422,7491558.333333333
600.623,7523643.333333333
600.825,7537063.333333333
601.027,7538221.666666667
601.228,7555875.0
601.43,7553560.0
601.632,7543693.333333334
601.833,7561223.333333333
602.035,7593403.333333333
602.237,7658303.333333333
602.438,7564800.0
602.64,7654036.666666667
602.842,7561973.333333333
603.043,7613955.0
603.245,7624723.333333333
603.446,7629983.333333333
603.648,7559338.333333333
603.849,7632410.0
604.051,7549918.333333334
604.252,7580668.333333334
604.454,7595830.0
604.655,7621703.333333333
604.857,7583716.666666667
605.058,7640243.333333333
605.259,7636598.333333333
605.461,7661853.333333334
605.662,7640363.333333333
605.864,7664943.333333334
606.065,7619478.333333334
606.266,7670250.0
606.468,7662720.0
606.669,7658283.333333333
606.87,7662410.0
607.072,7624150.0
607.273,7625085.0
607.474,7633936.666666667
607.675,7596285.0
607.877,7634851.666666667
608.078,7563770.0
608.279,7588806.666666666
608.48,7639398.333333333
608.681,7637035.0
608.883,7635783.333333333
609.084,7729726.666666667
609.285,7686228.333333334
609.486,7681206.666666666
609.687,7693231.666666666
609.888,7661478.333333334
610.089,7676735.0
610.29,7670725.0
610.491,7619645.0
610.692,7710943.333333334
610.893,7652620.0
611.094,7671055.0
611.295,7689186.666666667
611.496,7693671.666666666
611.697,7686521.666666666
611.898,7746076.666666666
612.099,7697664.999999999
612.3,7748253.333333333
612.501,7799036.666666667
612.702,7802710.0
612.903,7801271.666666666
613.104,7767641.666666666
613.305,7769009.999999999
613.505,7810171.666666666
613.706,7756033.333333333
613.907,7783281.666666667
614.108,7776481.666666666
614.309,7787871.666666667
614.509,7755425.0
614.71,7761248.333333333
614.911,7769313.333333333
615.112,7735788.333333334
615.312,7757995.0
615.513,7799138.333333333
615.714,7765818.333333334
615.914,7798824.999999999
616.115,7788588.333333333
616.316,7804215.0
616.516,7788370.0
616.717,7889513.333333333
616.918,7765603.333333334
617.118,7830183.333333333
617.319,7800716.666666667
617.519,7813628.333333333
617.72,7760583.333333333
617.92,7768658.333333333
618.121,7744468.333333333
618.321,7771690.0
618.522,7659740.0
618.722,7769416.666666666
618.923,7708636.666666666
619.123,7719391.666666666
619.324,7724961.666666666
619.524,7722538.333333334
619.724,7691903.333333333
619.925,7754093.333333333
620.125,7734498.333333333
620.326,7766671.666666666
620.526,7736485.0
620.726,7829513.333333333
620.927,7802238.333333333
621.127,7845068.333333334
621.327,7819843.333333333
621.527,7860496.666666667
621.728,7838951.666666666
621.928,7839433.333333333
622.128,7803481.666666666
622.328,7881048.333333333
622.529,7797395.0
622.729,7819448.333333334
622.929,7821076.666666666
623.129,7824291.666666666
623.329,7826555.0
623.529,7840794.999999999
623.73,7793971.666666667
623.93,7844456.666666666
624.13,7804043.333333334
624.33,7861199.999999999
624.53,7770443.333333334
624.73,7847393.333333333
624.93,7819305.0
625.13,7820630.0
625.33,7804563.333333333
625.53,7829445.0
625.73,7815990.0
625.93,7854921.666666666
626.13,7814071.666666667
626.33,7843481.666666666
626.53,7762264.999999999
626.73,7868756.666666667
626.929,7838770.0
627.129,7846905.0
627.329,7824288.333333334
627.529,7905241.666666666
627.729,7788261.666666666
627.929,7882104.999999999
628.128,7850720.0
628.328,7845733.333333333
628.528,7786264.999999999
628.728,7865933.333333333
628.928,7796213.333333333
629.127,7835720.0
629.327,7819783.333333333
629.527,7864884.999999999
629.726,7816400.0
629.926,7858343.333333333
630.126,7824301.666666666
630.325,7876095.0
630.525,7854338.333333333
630.725,7868880.0
630.924,7861680.0
631.124,7874590.0
631.323,7863190.0
631.523,7898800.0
631.722,7868101.666666667
631.922,7878756.666666667
632.122,7859328.333333333
632.321,7869661.666666667
632.521,7887006.666666667
632.72,7883748.333333333
632.919,7830981.666666666
633.119,7893690.0
633.318,7876785.0
633.518,7866578.333333333
633.717,7851301.666666666
633.917,7839538.333333334
634.116,7876098.333333333
634.315,7836343.333333333
634.515,7725921.666666666
634.714,7844556.666666666
634.913,7778634.999999999
635.113,7774928.333333333
635.312,7836248.333333333
635.511,7830509.999999999
635.71,7792998.333333333
635.91,7811576.666666666
636.109,7806176.666666666
636.308,7810993.333333333
636.507,7794736.666666666
636.706,7834483.333333333
636.906,7770983.333333333
637.105,7850570.0
637.304,7811256.666666667
637.503,7805020.0
637.702,7830411.666666667
637.901,7869503.333333333
638.1,7808768.333333333
638.299,7852136.666666666
638.499,7841258.333333334
638.698,7863421.666666666
638.897,7914289.999999999
639.096,7905196.666666667
639.295,7907173.333333333
639.494,7931936.666666667
639.693,7880908.333333333
639.892,7929836.666666666
640.09,7895854.999999999
640.289,7947425.0
640.488,7926471.666666667
640.687,7921433.333333333
640.886,7860018.333333333
641.085,7874746.666666667
641.284,7897145.0
641.483,7873691.666666667
641.682,7837271.666666666
641.88,7889641.666666666
642.079,7872998.333333333
642.278,7834150.0
642.477,7824380.0
642.675,7894901.666666667
642.874,7846215.0
643.073,7889423.333333333
643.272,7869033.333333333
643.47,7916658.333333333
643.669,7797620.0
643.868,7855145.0
644.066,7811850.0
644.265,7848539.999999999
644.464,7800143.333333333
644.662,7839590.0
644.861,7824288.333333334
645.059,7898963.333333333
645.258,7782608.333333333
645.457,7824708.333333333
645.655,7797486.666666666
645.854,7847895.0
646.052,7808259.999999999
646.251,7846256.666666667
646.449,7805460.0
646.648,7848081.666666666
646.846,7794160.0
647.044,7891018.333333333
647.243,7828653.333333333
647.441,7907111.666666666
647.64,7881675.0
647.838,7890188.333333333
648.036,7926563.333333333
648.235,7975691.666666667
648.433,7895530.0
648.631,8022153.333333333
648.83,7947320.0
649.028,8007913.333333334
649.226,7971543.333333334
649.425,7997556.666666666
649.623,7953893.333333333
649.821,7944186.666666667
650.019,7926074.999999999
650.218,7996798.333333333
650.416,7961495.0
650.614,7941366.666666666
650.812,7932448.333333334
651.01,7938548.333333333
651.208,7900298.333333333
651.406,7972479.999999999
651.605,7938461.666666666
651.803,7976606.666666666
652.001,7887315.0
652.199,7918583.333333333
652.397,7901236.666666666
652.595,7903470.0
652.793,7892348.333333333
652.991,7908306.666666666
653.189,7858669.999999999
653.387,7883300.0
653.585,7857195.0
653.783,7892396.666666666
653.981,7817471.666666667
654.179,7894946.666666667
654.377,7863363.333333333
654.574,7906108.333333333
654.772,7872268.333333333
654.97,7894601.666666667
655.168,7938053.333333333
655.366,7898851.666666667
655.564,7907241.666666666
655.761,7906868.333333333
655.959,7880586.666666666
656.157,7872753.333333333
656.355,7876828.333333333
656.553,7860881.666666667
656.75,7833636.666666666
656.948,7893758.333333334
657.146,7867828.333333333
657.343,7947173.333333333
657.541,7964539.999999999
657.739,7954410.0
657.936,7936363.333333333
658.134,7974155.0
658.332,7950060.0
658.529,7943466.666666667
658.727,7897618.333333333
658.924,8004946.666666667
659.122,7921891.666666666
659.319,7913863.333333333
659.517,7871808.333333333
659.714,7911411.666666667
659.912,7879761.666666666
660.109,7904496.666666667
660.307,7819884.999999999
660.504,7883876.666666667
660.702,7890921.666666666
660.899,7804033.333333333
661.097,7820669.999999999
661.294,7844081.666666666
661.491,7792101.666666667
661.689,7853680.0
661.886,7756373.333333333
662.083,7801941.666666667
662.281,7752633.333333334
662.478,7824206.666666666
662.675,7771873.333333333
662.873,7801655.0
663.07,7841111.666666666
663.267,7860581.666666666
663.464,7787838.333333333
663.662,7863896.666666666
663.859,7822680.0
664.056,7818073.333333334
664.253,7799710.0
664.45,7863636.666666666
664.647,7760538.333333334
664.845,7797009.999999999
665.042,7784458.333333333
665.239,7818001.666666667
665.436,7721408.333333333
665.633,7800483.333333333
665.83,7700803.333333333
666.027,7763433.333333333
666.224,7730931.666666666
666.421,7732195.0
666.618,7728310.0
666.815,7736143.333333333
667.012,7711483.333333333
667.209,7732948.333333334
667.406,7695163.333333334
667.603,7713353.333333334
667.8,7657955.0
667.997,7692750.0
668.194,7638936.666666667
668.39,7619123.333333333
668.587,7587225.0
668.784,7640083.333333333
668.981,7578548.333333333
669.178,7630993.333333333
669.375,7533134.999999999
669.571,7604653.333333333
669.768,7531916.666666666
669.965,7617616.666666666
670.162,7574975.0
670.358,7600353.333333334
670.555,7547618.333333333
670.752,7619013.333333333
670.948,7509955.0
671.145,7656833.333333333
671.342,7522813.333333333
671.538,7648505.0
671.735,7599400.0
671.932,7623860.0
672.128,7564056.666666666
672.325,7630878.333333333
672.521,7611490.0
672.718,7564021.666666666
672.914,7635236.666666666
673.111,7623453.333333333
673.307,7514583.333333333
673.504,7595748.333333333
673.7,7544736.666666666
673.897,7575449.999999999
674.093,7541320.0
674.29,7542563.333333333
674.486,7506941.666666667
674.682,7523380.0
674.879,7447145.0
675.075,7496616.666666666
675.272,7415503.333333333
675.468,7494883.333333334
675.664,7431961.666666666
675.861,7449953.333333333
676.057,7354508.333333334
676.253,7441925.0
676.449,7376680.0
676.646,7411653.333333333
676.842,7402436.666666667
677.038,7439631.666666667
677.234,7360160.0
677.43,7429573.333333334
677.627,7368178.333333333
677.823,7451708.333333333
678.019,7401100.0
678.215,7406161.666666667
678.411,7353283.333333333
678.607,7406273.333333333
678.803,7289123.333333333
678.999,7351511.666666666
679.196,7254745.0
679.392,7315495.0
679.588,7273476.666666667
679.784,7320703.333333333
679.98,7254136.666666666
680.176,7275590.0
680.372,7235275.0
680.568,7307565.0
680.763,7252081.666666666
680.959,7257566.666666667
681.155,7261414.999999999
681.351,7311293.333333334
681.547,7254280.0
681.743,7317931.666666666
681.939,7317365.0
682.135,7350866.666666666
682.33,7280625.0
682.526,7348384.999999999
682.722,7259578.333333333
682.918,7268685.0
683.114,7275180.0
683.309,7342623.333333333
683.505,7221138.333333333
683.701,7255106.666666666
683.897,7247775.0
684.092,7264558.333333333
684.288,7230148.333333333
684.484,7282495.0
684.679,7190878.333333333
684.875,7206146.666666666
685.07,7222076.666666666
685.266,7238596.666666667
685.462,7162961.666666666
685.657,7195865.0
685.853,7213604.999999999
686.048,7139560.0
686.244,7173259.999999999
686.439,7156568.333333334
686.635,7110741.666666666
686.83,7119125.0
687.026,7039513.333333333
687.221,7106823.333333334
687.417,7086565.0
687.612,7082886.666666666
687.807,7060733.333333333
688.003,7061091.666666667
688.198,7006073.333333334
688.394,7032208.333333333
688.589,7009551.666666666
688.784,7051486.666666666
688.98,6959185.0
689.175,6999546.666666666
689.37,6977785.0
689.565,6987365.0
689.761,6963701.666666666
689.956,7029836.666666666
690.151,6991430.0
690.346,6962431.666666666
690.542,6938880.0
690.737,6992585.0
690.932,6930093.333333333
691.127,6958854.999999999
691.322,6924745.0
691.517,6998546.666666666
691.713,6958803.333333333
691.908,6999848.333333333
692.103,6974729.999999999
692.298,7013361.666666666
692.493,6980831.666666666
692.688,7043675.0
692.883,6987188.333333333
693.078,7017488.333333333
693.273,7004315.0
693.468,7028810.0
693.663,6957905.0
693.858,7022231.666666666
694.053,6976655.0
694.248,7014286.666666667
694.443,6959881.666666667
694.637,6967155.0
694.832,6986120.0
695.027,6971815.0
695.222,6948911.666666667
695.417,7013643.333333333
695.612,6962513.333333333
695.806,6985553.333333333
696.001,6920283.333333333
696.196,6956018.333333333
696.391,6945768.333333333
696.585,6937930.0
696.78,6867781.666666667
696.975,6879508.333333334
697.17,6846710.0
697.364,6848250.0
697.559,6853585.0
697.754,6857173.333333333
697.948,6803523.333333333
698.143,6837761.666666666
698.337,6802256.666666667
698.532,6837263.333333333
698.727,6764286.666666667
698.921,6837928.333333333
699.116,6808628.333333333
699.31,6837055.0
699.505,6779233.333333333
699.699,6874895.0
699.894,6838580.0
700.088,6848663.333333334
700.283,6834628.333333333
700.477,6863580.0
700.671,6878188.333333333
700.866,6869531.666666667
701.06,6857715.0
701.255,6854838.333333333
701.449,6884331.666666666
701.643,6894603.333333334
701.838,6858036.666666667
702.032,6848686.666666667
702.226,6794831.666666666
702.421,6794658.333333333
702.615,6739725.0
702.809,6734986.666666666
703.003,6701516.666666666
703.198,6725716.666666667
703.392,6634581.666666666
703.586,6703185.0
703.78,6648603.333333334
703.974,6620158.333333333
704.169,6617028.333333333
704.363,6618794.999999999
704.557,6575044.999999999
704.751,6594626.666666667
704.945,6562525.0
705.139,6592513.333333333
705.333,6581846.666666667
705.527,6602156.666666667
705.721,6532736.666666666
705.915,6577553.333333333
706.109,6540816.666666667
706.303,6598961.666666666
706.497,6506280.0
706.691,6563326.666666666
706.885,6534180.0
707.079,6534123.333333333
707.273,6494918.333333334
707.467,6523998.333333333
707.661,6489411.666666667
707.855,6555685.0
708.048,6550161.666666667
708.242,6560411.666666667
708.436,6550556.666666666
708.63,6615471.666666667
708.824,6548220.0
709.018,6566361.666666666
709.211,6564691.666666667
709.405,6579921.666666666
709.599,6535990.0
709.792,6509208.333333333
709.986,6484811.666666667
710.18,6509710.0
710.374,6494104.999999999
710.567,6515383.333333334
710.761,6451251.666666667
710.954,6505478.333333334
711.148,6451981.666666666
711.342,6515066.666666667
711.535,6430471.666666667
711.729,6466530.0
711.922,6439536.666666667
712.116,6479663.333333334
712.309,6380838.333333333
712.503,6473536.666666667
712.696,6458733.333333333
712.89,6410251.666666667
713.083,6462095.0
713.277,6473321.666666667
713.47,6405539.999999999
713.664,6450955.0
713.857,6353843.333333333
714.05,6416323.333333334
714.244,6384903.333333333
714.437,6383675.0
714.631,6351794.999999999
714.824,6366308.333333333
715.017,6367490.0
715.21,6330520.0
715.404,6323588.333333333
715.597,6359775.0
715.79,6297756.666666667
715.984,6318133.333333334
716.177,6230411.666666667
716.37,6261118.333333333
716.563,6247778.333333333
716.756,6296168.333333334
716.949,6261998.333333333
717.143,6289278.333333333
717.336,6221096.666666667
717.529,6237538.333333334
717.722,6213741.666666666
717.915,6254053.333333333
718.108,6254256.666666667
718.301,6224643.333333333
718.494,6194275.0
718.687,6213448.333333334
718.88,6192241.666666666
719.073,6256933.333333333
719.266,6231705.0
719.459,6251324.999999999
719.652,6213366.666666666
719.845,6240593.333333333
720.038,6202413.333333334
720.231,6239423.333333333
720.424,6212014.999999999
720.617,6228538.333333334
720.809,6184516.666666666
721.002,6203651.666666667
721.195,6179561.666666667
721.388,6199013.333333334
721.581,6150453.333333333
721.774,6197430.0
721.966,6178475.0
722.159,6218943.333333334
722.352,6152268.333333333
722.544,6173806.666666666
722.737,6141550.0
722.93,6196169.999999999
723.123,6165000.0
723.315,6185630.0
723.508,6165400.0
723.701,6197763.333333334
723.893,6088475.0
724.086,6179718.333333333
724.278,6153518.333333333
724.471,6120245.0
724.663,6131263.333333334
724.856,6206071.666666667
725.048,6111725.0
725.241,6168895.0
725.433,6064513.333333334
725.626,6165908.333333333
725.818,6070555.0
726.011,6129235.0
726.203,6065608.333333333
726.396,6085696.666666667
726.588,6068913.333333334
726.78,6125453.333333333
726.973,6071138.333333334
727.165,6049580.0
727.358,6010365.0
727.55,6084125.0
727.742,6019726.666666667
727.934,6062533.333333333
728.127,6052139.999999999
728.319,6023523.333333333
728.511,6013163.333333334
728.704,6059345.0
728.896,5994735.0
729.088,6035838.333333333
729.28,6012130.0
729.472,5993540.0
729.664,5967630.0
729.857,5947585.0
730.049,5945908.333333333
730.241,5958998.333333333
730.433,5938681.666666666
730.625,5957389.999999999
730.817,5902860.0
731.009,5975055.0
731.201,5948031.666666667
731.393,5983676.666666666
731.585,5944514.999999999
731.777,5906621.666666667
731.969,5922865.0
732.161,5996673.333333333
732.353,5997210.0
732.545,6007033.333333333
732.737,5916206.666666666
732.929,5943311.666666667
733.121,5911781.666666667
733.313,5948979.999999999
733.504,5947430.0
733.696,5936410.0
733.888,5884813.333333333
734.08,5966066.666666667
734.272,5896261.666666666
734.463,5934870.0
734.655,5878134.999999999
734.847,5909881.666666667
735.039,5870290.0
735.23,5944440.0
735.422,5850636.666666666
735.614,5877475.0
735.805,5855883.333333334
735.997,5867246.666666667
736.189,5791290.0
736.38,5861958.333333333
736.572,5817405.0
736.764,5799270.0
736.955,5789248.333333333
737.147,5832419.999999999
737.338,5860071.666666667
737.53,5785023.333333333
737.721,5796296.666666666
737.913,5780726.666666667
738.104,5798290.0
738.296,5801041.666666667
738.487,5780173.333333333
738.679,5791449.999999999
738.87,5764133.333333334
739.061,5812199.999999999
739.253,5769523.333333333
739.444,5789824.999999999
739.636,5752016.666666666
739.827,5770070.0
740.018,5777824.999999999
740.21,5806705.0
740.401,5787553.333333333
740.592,5799195.0
740.783,5738388.333333334
740.975,5799171.666666666
741.166,5763595.0
741.357,5783845.0
741.548,5775940.0
741.74,5759498.333333333
741.931,5738735.0
742.122,5752706.666666666
742.313,5714720.0
742.504,5722201.666666666
742.695,5708788.333333334
742.886,5758970.0
743.077,5684595.0
743.269,5712528.333333333
743.46,5676368.333333333
743.651,5671415.0
743.842,5676675.0
744.033,5704726.666666667
744.224,5656735.0
744.415,5689598.333333333
744.606,5653608.333333333
744.797,5718816.666666667
744.987,5638348.333333333
745.178,5708286.666666667
745.369,5657268.333333333
745.56,5703811.666666667
745.751,5645846.666666667
745.942,5700838.333333333
746.133,5646311.666666667
746.324,5695431.666666666
746.514,5643918.333333334
746.705,5680830.0
746.896,5631900.0
747.087,5654421.666666666
747.277,5632128.333333333
747.468,5626821.666666667
747.659,5559323.333333334
747.85,5568081.666666666
748.04,5565156.666666667
748.231,5564746.666666667
748.422,5564126.666666667
748.612,5542076.666666666
748.803,5514796.666666666
748.993,5539360.000000001
749.184,5490743.333333333
749.375,5511630.0
749.565,5487928.333333333
749.756,5487641.666666666
749.946,5470360.000000001
750.137,5514373.333333333
750.327,5436093.333333333
750.518,5474076.666666666
750.708,5452238.333333333
750.899,5450935.0
751.089,5426933.333333333
751.279,5431253.333333333
751.47,5434220.0
751.66,5448348.333333333
751.851,5397523.333333333
752.041,5420586.666666667
752.231,5406596.666666667
752.422,5434480.0
752.612,5402053.333333333
752.802,5389260.0
752.993,5374775.0
753.183,5396056.666666667
753.373,5337511.666666666
753.563,5360031.666666666
753.754,5327173.333333333
753.944,5374150.0
754.134,5280328.333333333
754.324,5307745.0
754.514,5302276.666666667
754.704,5313218.333333333
754.895,5255876.666666666
755.085,5295863.333333333
755.275,5261613.333333333
755.465,5302911.666666667
755.655,5246581.666666667
755.845,5292248.333333334
756.035,5240735.0
756.225,5285613.333333333
756.415,5239143.333333333
756.605,5272990.0
756.795,5240435.0
756.985,5236120.0
757.175,5202836.666666667
757.365,5242045.0
757.555,5191521.666666667
757.745,5210046.666666666
757.934,5171380.0
758.124,5211763.333333334
758.314,5109228.333333333
758.504,5172028.333333333
758.694,5124638.333333334
758.884,5131321.666666667
759.073,5105450.0
759.263,5083956.666666667
759.453,5067001.666666666
759.643,5073355.0
759.832,5027838.333333333
760.022,5055588.333333333
760.212,5007371.666666666
760.401,5049273.333333333
760.591,4998085.0
760.781,5000870.0
760.97,5001631.666666667
761.16,5013198.333333333
761.35,5000221.666666667
761.539,4996493.333333333
761.729,4978188.333333333
761.918,5016018.333333333
762.108,5005866.666666667
762.297,5024461.666666667
762.487,4984841.666666666
762.676,4997701.666666666
762.866,4946343.333333333
763.055,4965345.0
763.245,4954011.666666667
763.434,4948376.666666666
763.624,4953671.666666666
763.813,4938833.333333333
764.002,4854450.0
764.192,4907266.666666666
764.381,4866516.666666666
764.57,4900031.666666666
764.76,4835271.666666667
764.949,4869823.333333333
765.138,4852628.333333333
765.328,4872640.0
765.517,4847453.333333333
765.706,4841783.333333333
765.895,4813938.333333333
766.085,4830321.666666667
766.274,4807473.333333333
766.463,4806633.333333333
766.652,4774798.333333333
766.841,4796790.0
767.03,4768688.333333333
767.219,4741968.333333333
767.409,4761748.333333334
767.598,4771616.666666667
767.787,4732473.333333333
767.976,4771238.333333333
768.165,4681288.333333333
768.354,4715451.666666666
768.543,4660210.0
768.732,4709843.333333333
768.921,4654565.0
769.11,4673833.333333333
769.299,4632928.333333333
769.488,4640038.333333333
769.677,4588698.333333333
769.865,4629771.666666667
770.054,4581268.333333333
770.243,4597205.0
770.432,4575005.0
770.621,4585616.666666667
770.81,4536735.0
770.998,4541336.666666667
771.187,4528946.666666667
771.376,4521296.666666666
771.565,4494543.333333333
771.754,4515125.0
771.942,4528911.666666667
772.131,4512218.333333333
772.32,4480443.333333333
772.508,4531966.666666666
772.697,4495103.333333333
772.886,4504896.666666667
773.074,4501233.333333333
773.263,4543336.666666667
773.451,4475483.333333333
773.64,4528581.666666667
773.829,4500190.0
774.017,4459431.666666667
774.206,4501128.333333333
774.394,4488246.666666666
774.583,4461761.666666667
774.771,4448358.333333333
774.96,4443013.333333334
775.148,4465643.333333333
775.337,4428626.666666666
775.525,4480911.666666667
775.713,4393388.333333334
775.902,4451361.666666666
776.09,4405505.0
776.279,4401415.0
776.467,4414850.0
776.655,4397190.0
776.844,4353520.0
777.032,4369535.0
777.22,4358011.666666667
777.408,4345898.333333333
777.597,4334020.0
777.785,4331938.333333333
777.973,4270540.0
778.161,4312895.0
778.35,4283285.0
778.538,4286131.666666667
778.726,4239923.333333333
778.914,4267383.333333333
779.102,4269575.0
779.29,4264003.333333333
779.478,4239670.0
779.666,4255391.666666666
779.854,4221928.333333333
780.043,4236285.0
780.231,4187686.6666666665
780.419,4233640.0
780.607,4207011.666666667
780.795,4196963.333333333
780.983,4193239.9999999995
781.17,4186310.0
781.358,4177114.9999999995
781.546,4175900.0
781.734,4161331.666666667
781.922,4145528.333333333
782.11,4123250.0
782.298,4099995.0
782.486,4107635.0
782.674,4107801.666666667
782.861,4072518.3333333335
783.049,4099848.3333333335
783.237,4029440.0
783.425,4051683.333333333
783.612,4023805.0
783.8,4016418.333333333
783.988,4024493.333333333
784.176,4024578.3333333335
784.363,3968846.666666667
784.551,4011379.9999999995
784.739,3967191.666666667
784.926,3974985.0
785.114,3950838.333333333
785.301,3982623.3333333335
785.489,3933754.9999999995
785.677,3985151.6666666665
785.864,3949238.3333333335
786.052,3938578.3333333335
786.239,3964231.6666666665
786.427,3976506.6666666665
786.614,3914841.6666666665
786.802,3961430.0
786.989,3907281.6666666665
787.177,3962658.3333333335
787.364,3900561.6666666665
787.551,3934735.0
787.739,3897198.333333333
787.926,3908053.333333333
788.114,3866138.3333333335
788.301,3894686.6666666665
788.488,3847775.0
788.676,3881569.9999999995
788.863,3857218.3333333335
789.05,3830841.6666666665
789.238,3805638.3333333335
789.425,3838036.666666667
789.612,3763128.3333333335
789.799,3798238.3333333335
789.986,3745973.3333333335
790.174,3775000.0
790.361,3732326.6666666665
790.548,3750415.0
790.735,3725378.3333333335
790.922,3727221.666666667
791.109,3705785.0
791.296,3721108.3333333335
791.484,3716851.6666666665
791.671,3731825.0
791.858,3678773.333333333
792.045,3700563.3333333335
792.232,3718161.666666667
792.419,3707433.333333333
792.606,3694849.9999999995
792.793,3690493.333333333
792.98,3673250.0
793.167,3669090.0
793.353,3629256.6666666665
793.54,3659136.6666666665
793.727,3623525.0
793.914,3635605.0
794.101,3594546.6666666665
794.288,3650356.6666666665
794.475,3597295.0
794.662,3596444.9999999995
794.848,3568656.6666666665
795.035,3591221.666666667
795.222,3606588.333333333
795.409,3625826.6666666665
795.595,3570875.0
795.782,3610593.3333333335
795.969,3599905.0
796.155,3603080.0
796.342,3597553.333333333
796.529,3628045.0
796.715,3572698.333333333
796.902,3618739.9999999995
797.089,3585263.3333333335
797.275,3605340.0
797.462,3588648.333333333
797.648,3612306.6666666665
797.835,3547778.333333333
798.021,3596830.0
798.208,3566128.3333333335
798.394,3603415.0
798.581,3557003.3333333335
798.767,3560103.333333333
798.954,3538821.6666666665
799.14,3582433.333333333
799.327,3566203.3333333335
799.513,3605376.6666666665
799.699,3560738.3333333335
799.886,3618778.333333333
800.072,3568308.333333333
800.258,3611411.666666667
800.445,3574251.6666666665
800.631,3591228.333333333
800.817,3575655.0
801.004,3604673.3333333335
801.19,3550944.9999999995
801.376,3595048.3333333335
801.562,3558175.0
801.749,3584941.666666667
801.935,3542138.3333333335
802.121,3590178.333333333
802.307,3544698.333333333
802.493,3545143.3333333335
802.679,3551970.0
802.866,3598120.0
803.052,3562353.333333333
803.238,3594651.6666666665
803.424,3535370.0
803.61,3555976.6666666665
803.796,3561516.6666666665
803.982,3571750.0
804.168,3558940.0
804.354,3594931.6666666665
804.54,3563341.6666666665
804.726,3559601.6666666665
804.912,3536541.6666666665
805.098,3589030.0
805.283,3533018.3333333335
805.469,3539183.333333333
805.655,3555716.6666666665
805.841,3550709.9999999995
806.027,3541511.6666666665
806.213,3548641.6666666665
806.399,3557741.6666666665
806.584,3536603.333333333
806.77,3547410.0
806.956,3546941.666666667
807.142,3518018.3333333335
807.327,3540831.666666667
807.513,3524605.0
807.699,3529974.9999999995
807.884,3512736.6666666665
808.07,3510306.6666666665
808.256,3483358.3333333335
808.441,3510989.9999999995
808.627,3479253.3333333335
808.813,3525416.6666666665
808.998,3483370.0
809.184,3507023.333333333
809.369,3468265.0
809.555,3477863.3333333335
809.74,3455008.333333333
809.926,3501026.6666666665
810.111,3457660.0
810.297,3478361.6666666665
810.482,3437150.0
810.668,3438823.333333333
810.853,3441614.9999999995
811.039,3455366.6666666665
811.224,3405683.333333333
811.409,3447370.0
811.595,3425561.6666666665
811.78,3427841.6666666665
811.965,3401400.0
812.151,3428866.6666666665
812.336,3383394.9999999995
812.521,3422489.9999999995
812.706,3405113.3333333335
812.892,3418066.666666667
813.077,3402129.9999999995
813.262,3417471.666666667
813.447,3410099.9999999995
813.633,3427831.666666667
813.818,3420114.9999999995
814.003,3420828.3333333335
814.188,3379561.6666666665
814.373,3425715.0
814.558,3419168.333333333
814.743,3438590.0
814.928,3382568.333333333
815.113,3411503.3333333335
815.298,3384588.333333333
815.483,3419001.6666666665
815.668,3389076.6666666665
815.853,3390783.3333333335
816.038,3375973.3333333335
816.223,3379861.6666666665
816.408,3380473.3333333335
816.593,3391218.3333333335
816.778,3374178.333333333
816.963,3376135.0
817.148,3359426.666666667
817.333,3348694.9999999995
817.518,3343203.3333333335
817.702,3346653.333333333
817.887,3304099.9999999995
818.072,3326788.333333333
818.257,3294078.3333333335
818.442,3323433.333333333
818.626,3304546.6666666665
818.811,3326410.0
818.996,3269920.0
819.18,3315955.0
819.365,3274459.9999999995
819.55,3312144.9999999995
819.734,3269738.3333333335
819.919,3289631.6666666665
820.104,3270735.0
820.288,3297298.3333333335
820.473,3241879.9999999995
820.657,3261311.6666666665
820.842,3230691.666666667
821.026,3243371.6666666665
821.211,3208443.333333333
821.396,3233131.666666667
821.58,3212084.9999999995
821.764,3231670.0
821.949,3206623.3333333335
822.133,3222215.0
822.318,3214101.6666666665
822.502,3226041.6666666665
822.687,3222765.0
822.871,3228298.3333333335
823.055,3204855.0
823.24,3220498.3333333335
823.424,3192366.6666666665
823.608,3240920.0
823.793,3189584.9999999995
823.977,3217016.6666666665
824.161,3193551.666666667
824.345,3208364.9999999995
824.53,3186211.6666666665
824.714,3207466.6666666665
824.898,3140706.666666667
825.082,3159258.333333333
825.266,3102801.666666667
825.45,3153769.9999999995
825.635,3100188.3333333335
825.819,3118483.3333333335
826.003,3098825.0
826.187,3112621.6666666665
826.371,3081878.3333333335
826.555,3087581.666666667
826.739,3071970.0
826.923,3070644.9999999995
827.107,3051261.6666666665
827.291,3065599.9999999995
827.475,3030618.333333333
827.659,3068533.3333333335
827.843,3045291.6666666665
828.027,3050206.666666667
828.211,3024883.333333333
828.395,3066778.333333333
828.578,3033025.0
828.762,3067198.333333333
828.946,3044390.0
829.13,3033856.6666666665
829.314,3017610.0
829.498,3032331.666666667
829.681,3039724.9999999995
829.865,3075058.333333333
830.049,3035126.6666666665
830.233,3056923.3333333335
830.416,3023238.3333333335
830.6,3058981.6666666665
830.784,3031191.666666667
830.967,3037096.666666667
831.151,3046881.666666667
831.335,3053518.3333333335
831.518,3002061.6666666665
831.702,3031891.6666666665
831.885,2995735.0
832.069,3006526.6666666665
832.252,2997211.6666666665
832.436,2998008.333333333
832.619,2980633.333333333
832.803,2991051.666666667
832.986,2965083.3333333335
833.17,2974558.333333333
833.353,2960150.0
833.537,2950563.3333333335
833.72,2950221.666666667
833.904,2941220.0
834.087,2930260.0
834.27,2967493.333333333
834.454,2924833.3333333335
834.637,2938444.9999999995
834.82,2925721.666666667
835.004,2962973.3333333335
835.187,2898486.6666666665
835.37,2938011.6666666665
835.553,2914645.0
835.737,2934145.0
835.92,2896053.333333333
836.103,2934246.6666666665
836.286,2906013.3333333335
836.469,2909433.333333333
836.653,2877661.666666667
836.836,2917941.666666667
837.019,2873798.3333333335
837.202,2897681.6666666665
837.385,2898046.6666666665
837.568,2913504.9999999995
837.751,2875665.0
837.934,2880188.3333333335
838.117,2848305.0
838.3,2884194.9999999995
838.483,2866801.666666667
838.666,2869995.0
838.849,2833620.0
839.032,2848321.6666666665
839.215,2824285.0
839.398,2847588.333333333
839.581,2809523.333333333
839.764,2825336.6666666665
839.947,2820008.333333333
840.129,2817656.6666666665
840.312,2814239.9999999995
840.495,2808663.333333333
840.678,2799811.6666666665
840.861,2826463.333333333
841.043,2789330.0
841.226,2804618.333333333
841.409,2799423.3333333335
841.592,2779546.6666666665
841.774,2773716.6666666665
841.957,2809068.333333333
842.14,2782536.666666667
842.322,2797326.6666666665
842.505,2777686.6666666665
842.687,2802355.0
842.87,2745379.9999999995
843.053,2795739.9999999995
843.235,2761463.333333333
843.418,2793866.6666666665
843.6,2751281.6666666665
843.783,2774321.6666666665
843.965,2736836.6666666665
844.148,2752879.9999999995
844.33,2748650.0
844.513,2738260.0
844.695,2734761.6666666665
844.878,2729611.6666666665
845.06,2695426.6666666665
845.242,2726136.6666666665
845.425,2699881.666666667
845.607,2714063.333333333
845.789,2689221.6666666665
845.972,2714596.6666666665
846.154,2672255.0
846.336,2696016.6666666665
846.519,2677613.3333333335
846.701,2685788.333333333
846.883,2654286.6666666665
847.065,2679255.0
847.247,2663086.6666666665
847.43,2700318.333333333
847.612,2663875.0
847.794,2680548.3333333335
847.976,2640868.333333333
848.158,2694055.0
848.34,2676190.0
848.522,2679988.3333333335
848.704,2639323.3333333335
848.886,2660911.6666666665
849.069,2656986.6666666665
849.251,2643521.6666666665
849.433,2634861.6666666665
849.615,2666236.6666666665
849.797,2628345.0
849.978,2659866.6666666665
850.16,2609105.0
850.342,2627936.666666667
850.524,2604808.3333333335
850.706,2632216.6666666665
850.888,2601180.0
851.07,2616341.6666666665
851.252,2600196.6666666665
851.434,2616700.0
851.615,2587000.0
851.797,2609075.0
851.979,2594135.0
852.161,2597200.0
852.342,2578696.6666666665
852.524,2583563.333333333
852.706,2562080.0
852.887,2584478.3333333335
853.069,2566913.333333333
853.251,2597636.6666666665
853.432,2552970.0
853.614,2573706.6666666665
853.796,2567026.6666666665
853.977,2577026.6666666665
854.159,2551563.333333333
854.34,2555100.0
854.522,2550591.6666666665
854.703,2548383.333333333
854.885,2516885.0
855.066,2555930.0
855.248,2542198.3333333335
855.429,2528425.0
855.611,2526305.0
855.792,2534993.333333333
855.974,2483745.0
856.155,2545361.6666666665
856.336,2475738.3333333335
856.518,2517748.333333333
856.699,2480113.3333333335
856.881,2491326.6666666665
857.062,2465068.3333333335
857.243,2485455.0
857.424,2468830.0
857.606,2483271.6666666665
857.787,2468485.0
857.968,2483240.0
858.149,2480755.0
858.331,2461821.6666666665
858.512,2441198.3333333335
858.693,2469328.333333333
858.874,2452695.0
859.055,2437146.6666666665
859.236,2431211.6666666665
859.417,2452206.6666666665
859.598,2422528.3333333335
859.779,2443878.3333333335
859.961,2411035.0
860.142,2441718.333333333
860.323,2402660.0
860.504,2416555.0
860.685,2415363.3333333335
860.865,2416080.0
861.046,2392176.6666666665
861.227,2414326.6666666665
861.408,2386570.0
861.589,2397673.3333333335
861.77,2355041.6666666665
861.951,2387088.3333333335
862.132,2354746.6666666665
862.313,2377173.3333333335
862.493,2328731.6666666665
862.674,2359290.0
862.855,2307085.0
863.036,2347371.6666666665
863.216,2311921.6666666665
863.397,2325230.0
863.578,2281406.6666666665
863.759,2315381.666666667
863.939,2281225.0
864.12,2298845.0
864.301,2263885.0
864.481,2256855.0
864.662,2250520.0
864.842,2261203.333333333
865.023,2245508.333333333
865.204,2251158.3333333335
865.384,2224650.0
865.565,2230001.6666666665
865.745,2216875.0
865.926,2237880.0
866.106,2190998.333333333
866.287,2226090.0
866.467,2194930.0
866.648,2199978.3333333335
866.828,2197975.0
867.008,2199528.3333333335
867.189,2183858.333333333
867.369,2191896.6666666665
867.549,2186888.3333333335
867.73,2169590.0
867.91,2164401.6666666665
868.09,2186715.0
868.271,2139666.6666666665
868.451,2158268.3333333335
868.631,2131635.0
868.811,2151395.0
868.992,2131385.0
869.172,2125838.3333333335
869.352,2117476.6666666665
869.532,2111950.0
869.712,2093791.6666666665
869.892,2115971.6666666665
870.073,2082450.0
870.253,2086183.3333333333
870.433,2067966.6666666665
870.613,2081909.9999999998
870.793,2053696.6666666667
870.973,2067058.3333333333
871.153,2036676.6666666665
871.333,2054729.9999999998
871.513,2027506.6666666667
871.693,2040189.9999999998
871.873,2036103.3333333335
872.053,2052283.3333333335
872.233,2012623.3333333333
872.412,2026358.3333333333
872.592,2010473.3333333333
872.772,2025970.0
872.952,2023523.3333333333
873.132,2028311.6666666667
873.312,2020110.0
873.492,2044691.6666666665
873.671,1998551.6666666665
873.851,2035991.6666666667
874.031,1998766.6666666667
874.211,2022566.6666666665
874.39,2012801.6666666665
874.57,2014136.6666666665
874.75,1987171.6666666667
874.929,2025475.0
875.109,2003236.6666666667
875.289,2003363.3333333333
875.468,1993284.9999999998
875.648,2011411.6666666665
875.827,1988791.6666666665
876.007,1996626.6666666667
876.186,1982840.0
876.366,1993273.3333333333
876.545,1956284.9999999998
876.725,1976778.3333333333
876.904,1965186.6666666667
877.084,1972275.0
877.263,1940778.3333333333
877.443,1960070.0
877.622,1934043.3333333333
877.802,1944396.6666666665
877.981,1906979.9999999998
878.16,1935125.0
878.34,1920051.6666666665
878.519,1899906.6666666667
878.698,1896026.6666666665
878.878,1905036.6666666665
879.057,1892193.3333333333
879.236,1898496.6666666665
879.415,1883689.9999999998
879.595,1888011.6666666665
879.774,1882028.3333333333
879.953,1873458.3333333333
880.132,1851034.9999999998
880.311,1854575.0
880.49,1853111.6666666667
880.67,1859818.3333333333
880.849,1844253.3333333333
881.028,1858528.3333333333
881.207,1839413.3333333333
881.386,1859183.3333333333
881.565,1841455.0
881.744,1847034.9999999998
881.923,1835150.0
882.102,1860668.3333333333
882.281,1843025.0
882.46,1859244.9999999998
882.639,1849220.0
882.818,1857948.3333333335
882.997,1832703.3333333333
883.176,1863443.3333333333
883.354,1854384.9999999998
883.533,1843735.0
883.712,1848526.6666666665
883.891,1869453.3333333333
884.07,1853291.6666666667
884.249,1861225.0
884.427,1835573.3333333335
884.606,1846540.0
884.785,1835153.3333333333
884.964,1857869.9999999998
885.142,1827150.0
885.321,1848503.3333333333
885.5,1826958.3333333333
885.678,1840181.6666666667
885.857,1815275.0
886.036,1834973.3333333333
886.214,1823805.0
886.393,1824685.0
886.571,1798208.3333333333
886.75,1817678.3333333333
886.928,1803956.6666666665
887.107,1811611.6666666667
887.285,1791883.3333333333
887.464,1802768.3333333335
887.642,1783783.3333333335
887.821,1788921.6666666667
887.999,1775291.6666666667
888.178,1779086.6666666667
888.356,1771066.6666666665
888.534,1781555.0
888.713,1763938.3333333333
888.891,1764775.0
889.07,1753231.6666666665
889.248,1772314.9999999998
889.426,1746858.3333333333
889.604,1759963.3333333335
889.783,1740851.6666666667
889.961,1748460.0
890.139,1739835.0
890.317,1748988.3333333333
890.496,1731533.3333333335
890.674,1753720.0
890.852,1736656.6666666667
891.03,1747275.0
891.208,1726423.3333333335
891.386,1755020.0
891.564,1738131.6666666667
891.742,1754170.0
891.921,1733229.9999999998
892.099,1750958.3333333333
892.277,1729113.3333333333
892.455,1736686.6666666667
892.633,1739881.6666666667
892.811,1738333.3333333333
892.989,1728656.6666666667
893.167,1734005.0
893.344,1721306.6666666667
893.522,1741786.6666666665
893.7,1734298.3333333335
893.878,1740688.3333333333
894.056,1716433.3333333333
894.234,1724081.6666666665
894.412,1718485.0
894.589,1733755.0
894.767,1703428.3333333333
894.945,1738073.3333333335
895.123,1713695.0
895.301,1731721.6666666665
895.478,1717310.0
895.656,1726475.0
895.834,1703376.6666666667
896.011,1711078.3333333333
896.189,1717439.9999999998
896.367,1721996.6666666665
896.544,1703305.0
896.722,1717111.6666666667
896.899,1709795.0
897.077,1702311.6666666667
897.255,1696481.6666666665
897.432,1711241.6666666667
897.61,1701496.6666666665
897.787,1709020.0
897.965,1689638.3333333333
898.142,1705086.6666666667
898.32,1699418.3333333333
898.497,1697165.0
898.674,1681576.6666666665
898.852,1686218.3333333333
899.029,1682863.3333333333
899.207,1681576.6666666665
899.384,1667851.6666666667
899.561,1677623.3333333333
899.739,1670303.3333333333
899.916,1693854.9999999998
900.093,1662353.3333333335
900.27,1679713.3333333335
900.448,1663506.6666666667
900.625,1674020.0
900.802,1673961.6666666667
900.979,1670428.3333333333
901.156,1657448.3333333335
901.334,1659363.3333333333
901.511,1649583.3333333333
901.688,1661520.0
901.865,1634818.3333333333
902.042,1656055.0
902.219,1634258.3333333333
902.396,1639965.0
902.573,1638619.9999999998
902.75,1635176.6666666665
902.927,1620493.3333333333
903.104,1633674.9999999998
903.281,1626503.3333333335
903.458,1621485.0
903.635,1615423.3333333335
903.812,1614728.3333333335
903.989,1599466.6666666665
904.166,1606896.6666666665
904.343,1594991.6666666667
904.52,1598968.3333333333
904.696,1583536.6666666665
904.873,1601159.9999999998
905.05,1590766.6666666667
905.227,1603838.3333333335
905.404,1598586.6666666667
905.58,1596695.0
905.757,1594398.3333333333
905.934,1595955.0
906.111,1584564.9999999998
906.287,1589490.0
906.464,1577560.0
906.641,1589076.6666666665
906.817,1567775.0
906.994,1590483.3333333333
907.17,1557985.0
907.347,1576781.6666666667
907.524,1572409.9999999998
907.7,1584025.0
907.877,1572784.9999999998
908.053,1568948.3333333335
908.23,1567433.3333333333
908.406,1574208.3333333333
908.583,1578113.3333333333
908.759,1579738.3333333333
908.935,1558681.6666666667
909.112,1575058.3333333333
909.288,1566551.6666666665
909.465,1590076.6666666665
909.641,1582979.9999999998
909.817,1598081.6666666665
909.994,1576645.0
910.17,1588213.3333333335
910.346,1573048.3333333335
910.523,1583878.3333333335
910.699,1568893.3333333335
910.875,1587476.6666666667
911.051,1583451.6666666665
911.228,1578468.3333333333
911.404,1571518.3333333335
911.58,1580448.3333333335
911.756,1556288.3333333333
911.932,1568286.6666666665
912.108,1557805.0
912.284,1556671.6666666667
912.46,1548445.0
912.637,1555646.6666666665
912.813,1535478.3333333335
912.989,1546836.6666666667
913.165,1527795.0
913.341,1533683.3333333333
913.517,1519340.0
913.693,1543485.0
913.869,1513021.6666666665
914.044,1513813.3333333333
914.22,1502530.0
914.396,1510916.6666666667
914.572,1493635.0
914.748,1505826.6666666665
914.924,1478360.0
915.1,1498465.0
915.276,1481555.0
915.451,1474981.6666666665
915.627,1477666.6666666667
915.803,1472598.3333333333
915.979,1456961.6666666667
916.154,1465580.0
916.33,1460181.6666666667
916.506,1459058.3333333333
916.681,1456296.6666666667
916.857,1462583.3333333333
917.033,1452733.3333333333
917.208,1459508.3333333333
917.384,1442958.3333333333
917.56,1452691.6666666665
917.735,1446718.3333333333
917.911,1463751.6666666667
918.086,1448935.0
918.262,1447718.3333333333
918.437,1441376.6666666667
918.613,1463638.3333333333
918.788,1443998.3333333333
918.964,1462840.0
919.139,1434363.3333333333
919.314,1451156.6666666667
919.49,1438728.3333333335
919.665,1454378.3333333335
919.841,1436741.6666666667
920.016,1439125.0
920.191,1427010.0
920.367,1436783.3333333335
920.542,1428716.6666666665
920.717,1432755.0
920.892,1433465.0
921.068,1443961.6666666667
921.243,1421915.0
921.418,1426321.6666666667
921.593,1418736.6666666667
921.769,1409708.3333333333
921.944,1415361.6666666667
922.119,1417290.0
922.294,1394703.3333333333
922.469,1406780.0
922.644,1402695.0
922.819,1398145.0
922.994,1381528.3333333333
923.169,1388891.6666666667
923.344,1379580.0
923.519,1383153.3333333333
923.694,1358581.6666666665
923.869,1377125.0
924.044,1358151.6666666665
924.219,1366369.9999999998
924.394,1355406.6666666665
924.569,1364415.0
924.744,1349611.6666666667
924.919,1351221.6666666665
925.094,1344886.6666666665
925.268,1346515.0
925.443,1343900.0
925.618,1341456.6666666665
925.793,1336910.0
925.968,1346675.0
926.142,1329998.3333333333
926.317,1333991.6666666665
926.492,1326113.3333333333
926.666,1336216.6666666667
926.841,1322233.3333333333
927.016,1329640.0
927.19,1317656.6666666665
927.365,1331040.0
927.54,1312876.6666666667
927.714,1329551.6666666667
927.889,1317181.6666666667
928.063,1329688.3333333333
928.238,1316588.3333333333
928.412,1323806.6666666667
928.587,1307300.0
928.761,1314355.0
928.936,1299730.0
929.11,1308765.0
929.285,1292186.6666666665
929.459,1311696.6666666667
929.634,1295196.6666666667
929.808,1312993.3333333333
929.982,1297845.0
930.157,1296381.6666666667
930.331,1288611.6666666667
930.505,1301306.6666666667
930.68,1290923.3333333333
930.854,1297258.3333333333
931.028,1280195.0
931.202,1286568.3333333333
931.377,1279716.6666666667
931.551,1296760.0
931.725,1260518.3333333333
931.899,1295923.3333333333
932.073,1270563.3333333333
932.247,1281790.0
932.422,1268811.6666666665
932.596,1274416.6666666667
932.77,1259183.3333333333
932.944,1283123.3333333333
933.118,1257640.0
933.292,1255398.3333333333
933.466,1246530.0
933.64,1249256.6666666667
933.814,1243983.3333333333
933.988,1250038.3333333333
934.162,1232085.0
934.336,1235696.6666666667
934.51,1231156.6666666665
934.683,1229378.3333333335
934.857,1222565.0
935.031,1226583.3333333333
935.205,1209260.0
935.379,1223978.3333333333
935.553,1212506.6666666667
935.726,1222743.3333333333
935.9,1200256.6666666667
936.074,1205321.6666666667
936.248,1197198.3333333333
936.421,1211076.6666666667
936.595,1181620.0
936.769,1198430.0
936.943,1185421.6666666665
937.116,1196700.0
937.29,1173855.0
937.463,1186080.0
937.637,1166686.6666666665
937.811,1174025.0
937.984,1162761.6666666665
938.158,1176558.3333333333
938.331,1158368.3333333333
938.505,1165365.0
938.678,1156983.3333333333
938.852,1166021.6666666667
939.025,1153176.6666666667
939.199,1152613.3333333333
939.372,1144271.6666666667
939.545,1155573.3333333333
939.719,1144398.3333333333
939.892,1145278.3333333333
940.066,1136503.3333333335
940.239,1140315.0
940.412,1140660.0
940.586,1139878.3333333335
940.759,1133546.6666666665
940.932,1141493.3333333333
941.105,1131656.6666666665
941.279,1129928.3333333333
941.452,1131510.0
941.625,1128348.3333333333
941.798,1124846.6666666667
941.971,1128511.6666666665
942.144,1116078.3333333333
942.318,1117316.6666666665
942.491,1111418.3333333333
942.664,1111880.0
942.837,1103616.6666666665
943.01,1100093.3333333335
943.183,1084450.0
943.356,1093035.0
943.529,1081566.6666666665
943.702,1085996.6666666665
943.875,1074118.3333333333
944.048,1085830.0
944.221,1071170.0
944.394,1072418.3333333333
944.567,1058253.3333333335
944.74,1066848.3333333333
944.912,1055226.6666666665
945.085,1069896.6666666667
945.258,1050801.6666666667
945.431,1048856.6666666667
945.604,1039711.6666666667
945.776,1044785.0
945.949,1049126.6666666667
946.122,1041293.3333333334
946.295,1031350.0
946.467,1030028.3333333334
946.64,1020431.6666666666
946.813,1032803.3333333333
946.985,1016963.3333333333
947.158,1023656.6666666666
947.331,1012836.6666666667
947.503,1021813.3333333334
947.676,1007211.6666666667
947.848,1021133.3333333334
948.021,1003040.0
948.194,1008478.3333333333
948.366,1000493.3333333334
948.539,1004954.9999999999
948.711,998245.0
948.883,996923.3333333333
949.056,989695.0
949.228,991421.6666666666
949.401,978051.6666666667
949.573,985731.6666666667
949.746,977071.6666666667
949.918,975020.0
950.09,969691.6666666666
950.263,964688.3333333334
950.435,962906.6666666666
950.607,957128.3333333334
950.779,945000.0
950.952,959128.3333333334
951.124,946530.0
951.296,948360.0
951.468,936136.6666666666
951.64,946318.3333333333
951.813,930163.3333333333
951.985,931850.0
952.157,927425.0
952.329,931401.6666666666
952.501,919206.6666666666
952.673,925421.6666666666
952.845,912341.6666666666
953.017,916745.0
953.189,903410.0
953.361,912663.3333333333
953.533,906358.3333333333
953.705,910210.0
953.877,899385.0
954.049,907735.0
954.221,899253.3333333334
954.393,902719.9999999999
954.565,892000.0
954.737,898211.6666666667
954.909,888593.3333333334
955.08,889001.6666666666
955.252,882881.6666666666
955.424,888210.0
955.596,880530.0
955.768,883633.3333333334
955.939,873611.6666666666
956.111,881043.3333333334
956.283,864515.0
956.454,867989.9999999999
956.626,867605.0
956.798,865461.6666666667
956.969,858391.6666666667
957.141,863129.9999999999
957.313,846548.3333333333
957.484,852791.6666666666
957.656,852063.3333333334
957.827,847213.3333333333
957.999,841190.0
958.17,845473.3333333334
958.342,838253.3333333334
958.513,834184.9999999999
958.685,835253.3333333334
958.856,834475.0
959.028,827501.6666666666
959.199,829120.0
959.37,819600.0
959.542,826621.6666666666
959.713,817274.9999999999
959.884,826843.3333333334
960.056,817378.3333333334
960.227,826504.9999999999
960.398,807558.3333333334
960.57,811551.6666666667
960.741,804278.3333333334
960.912,811805.0
961.083,798178.3333333333
961.254,799110.0
961.426,789761.6666666666
961.597,794465.0
961.768,785344.9999999999
961.939,786566.6666666666
962.11,778200.0
962.281,782535.0
962.452,773190.0
962.623,771708.3333333334
962.794,765445.0
962.965,776200.0
963.136,765636.6666666666
963.307,759171.6666666666
963.478,756673.3333333333
963.649,756283.3333333333
963.82,749468.3333333334
963.991,746570.0
964.162,741896.6666666666
964.333,742551.6666666667
964.504,735500.0
964.675,735630.0
964.845,730165.0
965.016,738141.6666666667
965.187,717364.9999999999
965.358,729274.9999999999
965.529,728451.6666666666
965.699,718126.6666666667
965.87,720280.0
966.041,717433.3333333334
966.211,713016.6666666667
966.382,713781.6666666666
966.553,698766.6666666667
966.723,711191.6666666666
966.894,696093.3333333334
967.065,707559.9999999999
967.235,692106.6666666667
967.406,694953.3333333334
967.576,686915.0
967.747,689079.9999999999
967.917,679228.3333333333
968.088,685051.6666666667
968.258,671361.6666666666
968.429,675768.3333333334
968.599,666916.6666666666
968.769,669340.0
968.94,661711.6666666666
969.11,659213.3333333334
969.281,650676.6666666666
969.451,653835.0
969.621,646778.3333333334
969.792,654386.6666666666
969.962,637925.0
970.132,640488.3333333333
970.302,630633.3333333334
970.473,633538.3333333334
970.643,625805.0
970.813,627275.0
970.983,618125.0
971.153,623923.3333333334
971.324,617595.0
971.494,613581.6666666666
971.664,607055.0
971.834,613826.6666666666
972.004,600048.3333333334
972.174,602195.0
972.344,595255.0
972.514,595395.0
972.684,589401.6666666666
972.854,591941.6666666666
973.024,581503.3333333334
973.194,586783.3333333333
973.364,578861.6666666666
973.534,582548.3333333334
973.704,571110.0
973.874,576568.3333333333
974.043,568615.0
974.213,571370.0
974.383,562176.6666666666
974.553,563426.6666666666
974.723,558570.0
974.893,559740.0
975.062,551650.0
975.232,560710.0
975.402,548145.0
975.571,554186.6666666666
975.741,546196.6666666666
975.911,549138.3333333333
976.08,539523.3333333333
976.25,544841.6666666666
976.42,536273.3333333333
976.589,540711.6666666666
976.759,535341.6666666666
976.928,534960.0
977.098,528700.0
977.267,526143.3333333334
977.437,525843.3333333333
977.606,522996.6666666667
977.776,516433.3333333333
977.945,521538.3333333333
978.115,511121.6666666667
978.284,513496.6666666667
978.454,514746.6666666667
978.623,512675.0
978.792,502738.3333333333
978.962,507164.99999999994
979.131,503820.0
979.3,502359.99999999994
979.47,499158.3333333333
979.639,504731.6666666666
979.808,492133.3333333334
979.977,498314.99999999994
980.147,489106.6666666666
980.316,490880.0
980.485,483016.6666666666
980.654,486886.6666666667
980.823,482215.0
980.992,481508.3333333334
981.162,478920.0
981.331,476763.3333333333
981.5,474401.6666666666
981.669,478320.0
981.838,468305.0
982.007,467455.0
982.176,465340.0
982.345,462680.0
982.514,454586.6666666666
982.683,460768.3333333334
982.852,453263.3333333333
983.021,453686.6666666666
983.19,450074.99999999994
983.358,452300.0
983.527,442773.3333333333
983.696,444941.6666666667
983.865,439869.99999999994
984.034,444136.6666666667
984.203,439176.6666666666
984.371,439300.0
984.54,431261.6666666667
984.709,433490.0
984.878,428288.3333333333
985.046,426861.6666666667
985.215,422311.6666666666
985.384,426536.6666666666
985.552,414449.99999999994
985.721,419673.3333333333
985.889,412068.3333333333
986.058,410221.6666666666
986.227,410055.0
986.395,407293.3333333334
986.564,403258.3333333334
986.732,400805.0
986.901,394588.3333333334
987.069,402228.3333333333
987.238,399876.6666666667
987.406,396005.0
987.575,393301.6666666666
987.743,394070.0
987.911,389728.3333333333
988.08,390256.6666666666
988.248,381576.6666666667
988.416,385106.6666666666
988.585,379078.3333333333
988.753,382283.3333333333
988.921,378238.3333333333
989.09,376460.0
989.258,374836.6666666666
989.426,376576.6666666667
989.594,370446.6666666666
989.763,372050.0
989.931,365863.3333333333
990.099,370111.6666666667
990.267,364196.6666666666
990.435,366353.3333333333
990.603,362871.6666666667
990.771,362821.6666666666
990.939,358913.3333333333
991.107,363295.0
991.275,353930.0
991.443,358526.6666666666
991.611,352776.6666666666
991.779,354145.0
991.947,348865.0
992.115,351236.6666666667
992.283,346253.3333333333
992.451,345293.3333333334
992.619,343218.3333333333
992.787,345368.3333333333
992.955,338521.6666666667
993.123,339528.3333333333
993.29,336883.3333333333
993.458,337176.6666666666
993.626,329036.6666666667
993.794,332388.3333333333
993.962,328500.0
994.129,331795.0
994.297,323285.0
994.465,328385.0
994.632,322128.3333333333
994.8,322513.3333333333
994.968,319411.6666666667
995.135,320558.3333333333
995.303,314158.3333333333
995.47,314005.0
995.638,312868.3333333333
995.806,310990.0
995.973,308931.6666666666
996.141,308836.6666666667
996.308,303748.3333333333
996.476,303740.0
996.643,299436.6666666666
996.81,303808.3333333333
996.978,297426.6666666666
997.145,299338.3333333333
997.313,292163.3333333333
997.48,294330.0
997.647,293651.6666666667
997.815,294948.3333333333
997.982,288145.0
998.149,290343.3333333333
998.317,287278.3333333333
998.484,286903.3333333333
998.651,281741.6666666667
998.818,289378.3333333333
998.986,279465.0
999.153,284350.0
999.32,279803.3333333333
999.487,281953.3333333333
999.654,278776.6666666667
999.821,279113.3333333333
999.988,274895.0
1000.155,272065.0
1000.323,273536.6666666667
1000.49,276161.6666666667
1000.657,270368.3333333333
1000.824,272243.3333333333
1000.991,271140.0
1001.158,272045.0
1001.324,264863.3333333333
1001.491,268956.6666666667
1001.658,264553.3333333333
1001.825,270751.6666666667
1001.992,263798.3333333333
1002.159,266808.3333333333
1002.326,259641.66666666666
1002.493,264641.6666666666
1002.659,259108.33333333334
1002.826,263228.3333333333
1002.993,256880.0
1003.16,260548.3333333333
1003.326,255636.66666666666
1003.493,259276.6666666667
1003.66,254776.6666666667
1003.827,255501.66666666666
1003.993,250691.6666666667
1004.16,253825.0
1004.326,247886.66666666666
1004.493,249906.66666666666
1004.66,248568.33333333334
1004.826,246386.66666666666
1004.993,244131.66666666666
1005.159,244161.66666666666
1005.326,239445.0
1005.492,240786.66666666666
1005.659,235434.99999999997
1005.825,236566.6666666667
1005.992,234110.0
1006.158,232875.0
1006.325,229706.66666666666
1006.491,229081.66666666666
1006.657,226661.66666666666
1006.824,228160.0
1006.99,223043.3333333333
1007.156,226836.66666666666
1007.323,222658.33333333334
1007.489,221856.6666666667
1007.655,217166.66666666666
1007.821,218616.66666666666
1007.988,214684.99999999997
1008.154,216483.33333333334
1008.32,212610.0
1008.486,214298.3333333333
1008.652,210578.33333333334
1008.818,210196.6666666667
1008.985,206428.3333333333
1009.151,207748.33333333334
1009.317,207193.33333333334
1009.483,206793.3333333333
1009.649,202793.3333333333
1009.815,205686.66666666666
1009.981,200631.66666666666
1010.147,203988.33333333334
1010.313,199373.33333333334
1010.479,200123.33333333334
1010.645,198728.3333333333
1010.811,201236.6666666667
1010.976,194448.33333333334
1011.142,197065.0
1011.308,194335.0
1011.474,196461.66666666666
1011.64,191908.33333333334
1011.806,193846.66666666666
1011.971,191253.3333333333
1012.137,191325.0
1012.303,188245.0
1012.469,188625.0
1012.634,186638.3333333333
1012.8,186675.0
1012.966,185139.99999999997
1013.131,185945.0
1013.297,180088.3333333333
1013.463,182821.6666666667
1013.628,180580.0
1013.794,181200.0
1013.959,176675.0
1014.125,179213.3333333333
1014.291,174155.0
1014.456,176940.0
1014.622,171841.66666666666
1014.787,174173.3333333333
1014.952,170148.3333333333
1015.118,170565.0
1015.283,167411.66666666666
1015.449,168711.66666666666
1015.614,166523.3333333333
1015.779,165956.66666666666
1015.945,162786.66666666666
1016.11,165100.0
1016.275,161270.0
1016.441,162318.3333333333
1016.606,161168.3333333333
1016.771,162201.66666666666
1016.937,157778.3333333333
1017.102,161325.0
1017.267,156416.66666666666
1017.432,158045.0
1017.597,154410.0
1017.762,158198.33333333334
1017.928,155680.0
1018.093,155215.0
1018.258,152693.3333333333
1018.423,154990.0
1018.588,150043.33333333334
1018.753,153465.0
1018.918,149928.33333333334
1019.083,151976.66666666666
1019.248,148405.0
1019.413,150310.0
1019.578,146531.6666666667
1019.743,148681.66666666666
1019.908,143961.66666666666
1020.073,146268.33333333334
1020.237,143033.33333333334
1020.402,143381.66666666666
1020.567,140281.6666666667
1020.732,141890.0
1020.897,138763.33333333334
1021.062,139375.0
1021.226,135425.0
1021.391,139176.66666666666
1021.556,134111.66666666666
1021.72,134981.66666666666
1021.885,133828.33333333334
1022.05,135376.66666666666
1022.214,117866.66666666667
1022.379,133373.33333333334
1022.544,128568.33333333333
1022.708,128690.0
1022.873,128134.99999999999
1023.037,126861.66666666666
1023.202,125796.66666666666
1023.366,126253.33333333333
1023.531,121950.0
1023.695,122021.66666666666
1023.86,120938.33333333333
1024.024,118895.0
1024.189,117174.99999999999
1024.353,116250.0
1024.518,114775.0
1024.682,116645.0
1024.846,113160.0
1025.011,112693.33333333333
1025.175,110593.33333333333
1025.339,112531.66666666667
1025.504,109143.33333333333
1025.668,108918.33333333333
1025.832,108238.33333333333
1025.996,106975.0
1026.161,104658.33333333334
1026.325,103991.66666666667
1026.489,103131.66666666666
1026.653,103216.66666666666
1026.817,100339.99999999999
1026.981,100893.33333333333
1027.145,99066.66666666666
1027.309,99359.99999999999
1027.474,96626.66666666666
1027.638,96841.66666666666
1027.802,94714.99999999999
1027.966,95458.33333333333
1028.13,93953.33333333334
1028.294,93776.66666666666
1028.458,91633.33333333333
1028.621,92725.0
1028.785,90933.33333333333
1028.949,90773.33333333333
1029.113,90174.99999999999
1029.277,89141.66666666667
1029.441,86631.66666666666
1029.605,88475.0
1029.768,84478.33333333333
1029.932,85830.0
1030.096,82676.66666666667
1030.26,85223.33333333333
1030.423,81290.0
1030.587,82410.0
1030.751,81181.66666666666
1030.915,82113.33333333333
1031.078,80201.66666666666
1031.242,79566.66666666666
1031.405,78775.0
1031.569,78505.0
1031.733,76143.33333333333
1031.896,78325.0
1032.06,75130.0
1032.223,75258.33333333333
1032.387,74525.0
1032.55,74446.66666666667
1032.714,72928.33333333333
1032.877,72958.33333333333
1033.041,71688.33333333333
1033.204,71221.66666666666
1033.367,69801.66666666667
1033.531,72075.0
1033.694,68978.33333333333
1033.858,69320.0
1034.021,67535.0
1034.184,68163.33333333333
1034.347,65711.66666666666
1034.511,65955.0
1034.674,64121.66666666667
1034.837,64876.666666666664
1035.0,63023.33333333333
1035.164,65538.33333333333
1035.327,62568.333333333336
1035.49,63098.33333333333
1035.653,61200.0
1035.816,61024.99999999999
1035.979,57845.0
1036.142,61158.33333333333
1036.305,58536.66666666667
1036.468,58770.0
1036.631,58389.99999999999
1036.794,58326.666666666664
1036.957,56161.66666666667
1037.12,56666.666666666664
1037.283,58063.33333333333
1037.446,56810.0
1037.609,55291.666666666664
1037.772,55185.0
1037.935,53063.33333333333
1038.098,54761.666666666664
1038.261,53478.333333333336
1038.424,53780.0
1038.586,52485.0
1038.749,53546.666666666664
1038.912,50950.0
1039.075,53558.333333333336
1039.237,51416.666666666664
1039.4,52304.99999999999
1039.563,49028.333333333336
1039.725,51618.33333333333
1039.888,50161.66666666667
1040.051,50110.0
1040.213,49895.0
1040.376,49993.33333333333
1040.539,48139.99999999999
1040.701,51175.0
1040.864,46123.333333333336
1041.026,48621.66666666667
1041.189,45478.333333333336
1041.351,48260.0
1041.514,45300.0
1041.676,46666.666666666664
1041.838,45250.0
1042.001,48139.99999999999
1042.163,42905.0
1042.326,44621.66666666667
1042.488,42885.0
1042.65,43543.33333333333
1042.813,41891.666666666664
1042.975,41635.0
1043.137,40573.33333333333
1043.3,42136.666666666664
1043.462,40641.666666666664
1043.624,41006.666666666664
1043.786,40023.33333333333
1043.948,39775.0
1044.111,38188.33333333333
1044.273,39750.0
1044.435,37883.333333333336
1044.597,38890.0
1044.759,35835.0
1044.921,38276.666666666664
1045.083,36915.0
